2025-08-13 10:14:04,117 - Knowledge - INFO - Redis support added with prefix knowledge:b6407y0:
2025-08-13 10:14:04,616 - Knowledge - INFO - load persisted knowledge: begin
2025-08-13 10:14:04,714 - Knowledge - INFO - load persisted knowledge: end
2025-08-13 10:14:04,818 - Knowledge - INFO - load persisted docinfo: begin
2025-08-13 10:14:04,930 - Knowledge - INFO - load persisted docinfo: end
2025-08-13 10:14:05,117 - Knowledge - INFO - worker kw1 created with dedicated MongoDB connection (total: 1)
2025-08-13 10:14:05,209 - Knowledge - INFO - knowledge worker kw1 start
2025-08-13 10:14:05,212 - Knowledge - INFO - worker kw2 created with dedicated MongoDB connection (total: 2)
2025-08-13 10:14:05,325 - Knowledge - INFO - worker kw1 pull /app/data/b2c/156786/b6407y0/accountill-156786/LICENSE.md from ingest queue
2025-08-13 10:14:05,426 - Knowledge - INFO - knowledge worker kw2 start
2025-08-13 10:14:05,635 - Knowledge - INFO - worker kw2 pull /app/data/b2c/156786/b6407y0/accountill-156786/docker-compose.prod.yml from ingest queue
2025-08-13 10:14:05,558 - Knowledge - INFO - process ingested knowledge for /app/data/b2c/156786/b6407y0/accountill-156786/LICENSE.md
2025-08-13 10:14:05,428 - Knowledge - INFO - worker kw3 created with dedicated MongoDB connection (total: 3)
2025-08-13 10:14:05,770 - Knowledge - INFO - process ingested knowledge for /app/data/b2c/156786/b6407y0/accountill-156786/docker-compose.prod.yml
2025-08-13 10:14:05,859 - Knowledge - INFO - Found code-base-name: https://github.com/kavia-common/accountill-156786.git:kavia-master
2025-08-13 10:14:05,939 - Knowledge - INFO - knowledge worker kw3 start
2025-08-13 10:14:06,237 - Knowledge - INFO - worker kw3 pull /app/data/b2c/156786/b6407y0/accountill-156786/README.md from ingest queue
2025-08-13 10:14:06,063 - Knowledge - INFO - Found code-base-name: https://github.com/kavia-common/accountill-156786.git:kavia-master
2025-08-13 10:14:06,135 - Knowledge - INFO - Found code_base: <app.utils.kg_build.knowledge.KnowledgeCodeBase object at 0x7fee6a422810>
2025-08-13 10:14:05,942 - Knowledge - INFO - worker kw4 created with dedicated MongoDB connection (total: 4)
2025-08-13 10:14:06,378 - Knowledge - INFO - process ingested knowledge for /app/data/b2c/156786/b6407y0/accountill-156786/README.md
2025-08-13 10:14:06,452 - Knowledge - INFO - Found code_base: <app.utils.kg_build.knowledge.KnowledgeCodeBase object at 0x7fee6a422810>
2025-08-13 10:14:06,563 - Knowledge - INFO - persist ingested knowledge for /app/data/b2c/156786/b6407y0/accountill-156786/LICENSE.md
2025-08-13 10:14:06,643 - Knowledge - INFO - knowledge worker kw4 start
2025-08-13 10:14:06,646 - Knowledge - INFO - worker kw5 created with dedicated MongoDB connection (total: 5)
2025-08-13 10:14:06,723 - Knowledge - INFO - Found code-base-name: https://github.com/kavia-common/accountill-156786.git:kavia-master
2025-08-13 10:14:06,800 - Knowledge - INFO - persist ingested knowledge for /app/data/b2c/156786/b6407y0/accountill-156786/docker-compose.prod.yml
2025-08-13 10:14:06,968 - Knowledge - INFO - adding /app/data/b2c/156786/b6407y0/accountill-156786/LICENSE.md to ingest queue
2025-08-13 10:14:07,113 - Knowledge - INFO - knowledge worker kw5 start
2025-08-13 10:14:07,115 - Knowledge - INFO - worker kw6 created with dedicated MongoDB connection (total: 6)
2025-08-13 10:14:07,203 - Knowledge - INFO - Found code_base: <app.utils.kg_build.knowledge.KnowledgeCodeBase object at 0x7fee6a422810>
2025-08-13 10:14:07,406 - Knowledge - INFO - worker kw4 pull /app/data/b2c/156786/b6407y0/accountill-156786/server/package.json from ingest queue
2025-08-13 10:14:07,471 - Knowledge - INFO - worker kw1 pull /app/data/b2c/156786/b6407y0/accountill-156786/server/models/InvoiceModel.js from ingest queue
2025-08-13 10:14:07,471 - Knowledge - INFO - adding /app/data/b2c/156786/b6407y0/accountill-156786/docker-compose.prod.yml to ingest queue
2025-08-13 10:14:07,620 - Knowledge - INFO - knowledge worker kw6 start
2025-08-13 10:14:07,622 - Knowledge - INFO - worker kw7 created with dedicated MongoDB connection (total: 7)
2025-08-13 10:14:07,705 - Knowledge - INFO - persist ingested knowledge for /app/data/b2c/156786/b6407y0/accountill-156786/README.md
2025-08-13 10:14:07,839 - Knowledge - INFO - process ingested knowledge for /app/data/b2c/156786/b6407y0/accountill-156786/server/package.json
2025-08-13 10:14:07,967 - Knowledge - INFO - process ingested knowledge for /app/data/b2c/156786/b6407y0/accountill-156786/server/models/InvoiceModel.js
2025-08-13 10:14:08,028 - Knowledge - INFO - worker kw2 pull /app/data/b2c/156786/b6407y0/accountill-156786/server/models/ProfileModel.js from ingest queue
2025-08-13 10:14:08,029 - Knowledge - INFO - worker kw5 pull /app/data/b2c/156786/b6407y0/accountill-156786/server/models/userModel.js from ingest queue
2025-08-13 10:14:08,114 - Knowledge - INFO - worker kw6 pull /app/data/b2c/156786/b6407y0/accountill-156786/server/models/ClientModel.js from ingest queue
2025-08-13 10:14:08,231 - Knowledge - INFO - knowledge worker kw7 start
2025-08-13 10:14:08,234 - Knowledge - INFO - worker kw8 created with dedicated MongoDB connection (total: 8)
2025-08-13 10:14:08,413 - Knowledge - INFO - adding /app/data/b2c/156786/b6407y0/accountill-156786/README.md to ingest queue
2025-08-13 10:14:08,712 - Knowledge - INFO - process ingested knowledge for /app/data/b2c/156786/b6407y0/accountill-156786/server/models/ProfileModel.js
2025-08-13 10:14:08,848 - Knowledge - INFO - process ingested knowledge for /app/data/b2c/156786/b6407y0/accountill-156786/server/models/userModel.js
2025-08-13 10:14:08,926 - Knowledge - INFO - process ingested knowledge for /app/data/b2c/156786/b6407y0/accountill-156786/server/models/ClientModel.js
2025-08-13 10:14:09,070 - Knowledge - INFO - knowledge worker kw8 start
2025-08-13 10:14:09,072 - Knowledge - INFO - worker kw9 created with dedicated MongoDB connection (total: 9)
2025-08-13 10:14:09,152 - Knowledge - INFO - Found code-base-name: https://github.com/kavia-common/accountill-156786.git:kavia-master
2025-08-13 10:14:09,152 - Knowledge - INFO - Found code-base-name: https://github.com/kavia-common/accountill-156786.git:kavia-master
2025-08-13 10:14:09,152 - Knowledge - INFO - worker kw7 pull /app/data/b2c/156786/b6407y0/accountill-156786/server/documents/invoice.js from ingest queue
2025-08-13 10:14:09,152 - Knowledge - INFO - worker kw3 pull /app/data/b2c/156786/b6407y0/accountill-156786/server/documents/email.js from ingest queue
2025-08-13 10:14:09,246 - Knowledge - INFO - Found code-base-name: https://github.com/kavia-common/accountill-156786.git:kavia-master
2025-08-13 10:14:09,372 - Knowledge - INFO - Found code-base-name: https://github.com/kavia-common/accountill-156786.git:kavia-master
2025-08-13 10:14:09,478 - Knowledge - INFO - Found code-base-name: https://github.com/kavia-common/accountill-156786.git:kavia-master
2025-08-13 10:14:09,596 - Knowledge - INFO - worker kw8 pull /app/data/b2c/156786/b6407y0/accountill-156786/server/documents/index.js from ingest queue
2025-08-13 10:14:09,681 - Knowledge - INFO - knowledge worker kw9 start
2025-08-13 10:14:09,684 - Knowledge - INFO - worker kw10 created with dedicated MongoDB connection (total: 10)
2025-08-13 10:14:09,772 - Knowledge - INFO - Found code_base: <app.utils.kg_build.knowledge.KnowledgeCodeBase object at 0x7fee6a422810>
2025-08-13 10:14:09,893 - Knowledge - INFO - Found code_base: <app.utils.kg_build.knowledge.KnowledgeCodeBase object at 0x7fee6a422810>
2025-08-13 10:14:10,027 - Knowledge - INFO - process ingested knowledge for /app/data/b2c/156786/b6407y0/accountill-156786/server/documents/invoice.js
2025-08-13 10:14:10,140 - Knowledge - INFO - process ingested knowledge for /app/data/b2c/156786/b6407y0/accountill-156786/server/documents/email.js
2025-08-13 10:14:10,197 - Knowledge - INFO - Found code_base: <app.utils.kg_build.knowledge.KnowledgeCodeBase object at 0x7fee6a422810>
2025-08-13 10:14:10,299 - Knowledge - INFO - Found code_base: <app.utils.kg_build.knowledge.KnowledgeCodeBase object at 0x7fee6a422810>
2025-08-13 10:14:10,415 - Knowledge - INFO - Found code_base: <app.utils.kg_build.knowledge.KnowledgeCodeBase object at 0x7fee6a422810>
2025-08-13 10:14:10,529 - Knowledge - INFO - process ingested knowledge for /app/data/b2c/156786/b6407y0/accountill-156786/server/documents/index.js
2025-08-13 10:14:10,595 - Knowledge - INFO - worker kw9 pull /app/data/b2c/156786/b6407y0/accountill-156786/server/routes/profile.js from ingest queue
2025-08-13 10:14:10,703 - Knowledge - INFO - knowledge worker kw10 start
2025-08-13 10:14:10,706 - Knowledge - INFO - worker kw11 created with dedicated MongoDB connection (total: 11)
2025-08-13 10:14:11,844 - Knowledge - INFO - knowledge worker kw11 start
2025-08-13 10:14:10,880 - Knowledge - INFO - persist ingested knowledge for /app/data/b2c/156786/b6407y0/accountill-156786/server/models/InvoiceModel.js
2025-08-13 10:14:10,988 - Knowledge - INFO - Found code-base-name: https://github.com/kavia-common/accountill-156786.git:kavia-master
2025-08-13 10:14:11,102 - Knowledge - INFO - Found code-base-name: https://github.com/kavia-common/accountill-156786.git:kavia-master
2025-08-13 10:14:11,192 - Knowledge - INFO - persist ingested knowledge for /app/data/b2c/156786/b6407y0/accountill-156786/server/models/ProfileModel.js
2025-08-13 10:14:11,303 - Knowledge - INFO - persist ingested knowledge for /app/data/b2c/156786/b6407y0/accountill-156786/server/models/userModel.js
2025-08-13 10:14:11,397 - Knowledge - INFO - persist ingested knowledge for /app/data/b2c/156786/b6407y0/accountill-156786/server/models/ClientModel.js
2025-08-13 10:14:11,534 - Knowledge - INFO - Found code-base-name: https://github.com/kavia-common/accountill-156786.git:kavia-master
2025-08-13 10:14:11,689 - Knowledge - INFO - process ingested knowledge for /app/data/b2c/156786/b6407y0/accountill-156786/server/routes/profile.js
2025-08-13 10:14:11,762 - Knowledge - INFO - worker kw10 pull /app/data/b2c/156786/b6407y0/accountill-156786/server/routes/userRoutes.js from ingest queue
2025-08-13 10:14:10,797 - Knowledge - INFO - persist ingested knowledge for /app/data/b2c/156786/b6407y0/accountill-156786/server/package.json
2025-08-13 10:14:11,846 - Knowledge - INFO - worker kw12 created with dedicated MongoDB connection (total: 12)
2025-08-13 10:14:11,923 - Knowledge - INFO - worker kw11 pull /app/data/b2c/156786/b6407y0/accountill-156786/server/routes/clients.js from ingest queue
2025-08-13 10:14:12,097 - Knowledge - INFO - adding /app/data/b2c/156786/b6407y0/accountill-156786/server/models/InvoiceModel.js to ingest queue
2025-08-13 10:14:12,135 - Knowledge - INFO - Found code_base: <app.utils.kg_build.knowledge.KnowledgeCodeBase object at 0x7fee6a422810>
2025-08-13 10:14:12,229 - Knowledge - INFO - Found code_base: <app.utils.kg_build.knowledge.KnowledgeCodeBase object at 0x7fee6a422810>
2025-08-13 10:14:12,612 - Knowledge - INFO - Found code_base: <app.utils.kg_build.knowledge.KnowledgeCodeBase object at 0x7fee6a422810>
2025-08-13 10:14:12,884 - Knowledge - INFO - process ingested knowledge for /app/data/b2c/156786/b6407y0/accountill-156786/server/routes/userRoutes.js
2025-08-13 10:14:13,037 - Knowledge - INFO - knowledge worker kw12 start
2025-08-13 10:14:13,040 - Knowledge - INFO - worker kw13 created with dedicated MongoDB connection (total: 13)
2025-08-13 10:14:13,170 - Knowledge - INFO - process ingested knowledge for /app/data/b2c/156786/b6407y0/accountill-156786/server/routes/clients.js
2025-08-13 10:14:13,312 - Knowledge - INFO - adding /app/data/b2c/156786/b6407y0/accountill-156786/server/models/ProfileModel.js to ingest queue
2025-08-13 10:14:13,336 - Knowledge - INFO - persist ingested knowledge for /app/data/b2c/156786/b6407y0/accountill-156786/server/documents/invoice.js
2025-08-13 10:14:13,452 - Knowledge - INFO - persist ingested knowledge for /app/data/b2c/156786/b6407y0/accountill-156786/server/documents/email.js
2025-08-13 10:14:13,561 - Knowledge - INFO - persist ingested knowledge for /app/data/b2c/156786/b6407y0/accountill-156786/server/documents/index.js
2025-08-13 10:14:13,866 - Knowledge - INFO - knowledge worker kw13 start
2025-08-13 10:14:13,867 - Knowledge - INFO - worker kw14 created with dedicated MongoDB connection (total: 14)
2025-08-13 10:14:14,124 - Knowledge - INFO - Found code-base-name: https://github.com/kavia-common/accountill-156786.git:kavia-master
2025-08-13 10:14:14,124 - Knowledge - INFO - adding /app/data/b2c/156786/b6407y0/accountill-156786/server/models/ClientModel.js to ingest queue
2025-08-13 10:14:14,516 - Knowledge - INFO - knowledge worker kw14 start
2025-08-13 10:14:14,523 - Knowledge - INFO - worker kw15 created with dedicated MongoDB connection (total: 15)
2025-08-13 10:14:14,628 - Knowledge - INFO - Found code_base: <app.utils.kg_build.knowledge.KnowledgeCodeBase object at 0x7fee6a422810>
2025-08-13 10:14:14,718 - Knowledge - INFO - worker kw1 pull /app/data/b2c/156786/b6407y0/accountill-156786/server/routes/invoices.js from ingest queue
2025-08-13 10:14:14,720 - Knowledge - INFO - Found code-base-name: https://github.com/kavia-common/accountill-156786.git:kavia-master
2025-08-13 10:14:14,720 - Knowledge - INFO - worker kw12 pull /app/data/b2c/156786/b6407y0/accountill-156786/server/middleware/auth.js from ingest queue
2025-08-13 10:14:14,720 - Knowledge - INFO - Found code-base-name: https://github.com/kavia-common/accountill-156786.git:kavia-master
2025-08-13 10:14:14,720 - Knowledge - INFO - worker kw2 pull /app/data/b2c/156786/b6407y0/accountill-156786/server/index.js from ingest queue
2025-08-13 10:14:14,904 - Knowledge - INFO - worker kw13 pull /app/data/b2c/156786/b6407y0/accountill-156786/server/controllers/profile.js from ingest queue
2025-08-13 10:14:14,904 - Knowledge - INFO - adding /app/data/b2c/156786/b6407y0/accountill-156786/server/documents/index.js to ingest queue
2025-08-13 10:14:14,936 - Knowledge - INFO - knowledge worker kw15 start
2025-08-13 10:14:14,938 - Knowledge - INFO - worker kw16 created with dedicated MongoDB connection (total: 16)
2025-08-13 10:14:15,019 - Knowledge - INFO - persist ingested knowledge for /app/data/b2c/156786/b6407y0/accountill-156786/server/routes/profile.js
2025-08-13 10:14:15,167 - Knowledge - INFO - process ingested knowledge for /app/data/b2c/156786/b6407y0/accountill-156786/server/routes/invoices.js
2025-08-13 10:14:15,258 - Knowledge - INFO - Found code_base: <app.utils.kg_build.knowledge.KnowledgeCodeBase object at 0x7fee6a422810>
2025-08-13 10:14:16,234 - Knowledge - INFO - persist ingested knowledge for /app/data/b2c/156786/b6407y0/accountill-156786/server/routes/userRoutes.js
2025-08-13 10:14:15,466 - Knowledge - INFO - Found code_base: <app.utils.kg_build.knowledge.KnowledgeCodeBase object at 0x7fee6a422810>
2025-08-13 10:14:15,616 - Knowledge - INFO - process ingested knowledge for /app/data/b2c/156786/b6407y0/accountill-156786/server/index.js
2025-08-13 10:14:15,706 - Knowledge - INFO - process ingested knowledge for /app/data/b2c/156786/b6407y0/accountill-156786/server/controllers/profile.js
2025-08-13 10:14:15,759 - Knowledge - INFO - worker kw6 pull /app/data/b2c/156786/b6407y0/accountill-156786/server/controllers/user.js from ingest queue
2025-08-13 10:14:15,759 - Knowledge - INFO - adding /app/data/b2c/156786/b6407y0/accountill-156786/server/package.json to ingest queue
2025-08-13 10:14:15,991 - Knowledge - INFO - knowledge worker kw16 start
2025-08-13 10:14:15,995 - Knowledge - INFO - worker kw17 created with dedicated MongoDB connection (total: 17)
2025-08-13 10:14:17,080 - Knowledge - INFO - knowledge worker kw17 start
2025-08-13 10:14:16,448 - Knowledge - INFO - persist ingested knowledge for /app/data/b2c/156786/b6407y0/accountill-156786/server/routes/clients.js
2025-08-13 10:14:16,775 - Knowledge - INFO - process ingested knowledge for /app/data/b2c/156786/b6407y0/accountill-156786/server/controllers/user.js
2025-08-13 10:14:16,866 - Knowledge - INFO - worker kw14 pull /app/data/b2c/156786/b6407y0/accountill-156786/server/controllers/clients.js from ingest queue
2025-08-13 10:14:16,867 - Knowledge - INFO - adding /app/data/b2c/156786/b6407y0/accountill-156786/server/documents/email.js to ingest queue
2025-08-13 10:14:15,410 - Knowledge - INFO - process ingested knowledge for /app/data/b2c/156786/b6407y0/accountill-156786/server/middleware/auth.js
2025-08-13 10:14:17,082 - Knowledge - INFO - worker kw18 created with dedicated MongoDB connection (total: 18)
2025-08-13 10:14:17,485 - Knowledge - INFO - process ingested knowledge for /app/data/b2c/156786/b6407y0/accountill-156786/server/controllers/clients.js
2025-08-13 10:14:17,666 - Knowledge - INFO - adding /app/data/b2c/156786/b6407y0/accountill-156786/server/documents/invoice.js to ingest queue
2025-08-13 10:14:17,740 - Knowledge - INFO - knowledge worker kw18 start
2025-08-13 10:14:17,742 - Knowledge - INFO - worker kw19 created with dedicated MongoDB connection (total: 19)
2025-08-13 10:14:17,945 - Knowledge - INFO - worker kw15 pull /app/data/b2c/156786/b6407y0/accountill-156786/server/controllers/invoices.js from ingest queue
2025-08-13 10:14:18,007 - Knowledge - INFO - Found code-base-name: https://github.com/kavia-common/accountill-156786.git:kavia-master
2025-08-13 10:14:18,061 - Knowledge - INFO - Found code-base-name: https://github.com/kavia-common/accountill-156786.git:kavia-master
2025-08-13 10:14:18,062 - Knowledge - INFO - Found code-base-name: https://github.com/kavia-common/accountill-156786.git:kavia-master
2025-08-13 10:14:18,062 - Knowledge - INFO - worker kw4 pull /app/data/b2c/156786/b6407y0/accountill-156786/client/src/store.js from ingest queue
2025-08-13 10:14:18,062 - Knowledge - INFO - worker kw16 pull /app/data/b2c/156786/b6407y0/accountill-156786/client/src/App.js from ingest queue
2025-08-13 10:14:18,121 - Knowledge - INFO - Found code-base-name: https://github.com/kavia-common/accountill-156786.git:kavia-master
2025-08-13 10:14:18,121 - Knowledge - INFO - worker kw3 pull /app/data/b2c/156786/b6407y0/accountill-156786/client/src/api/index.js from ingest queue
2025-08-13 10:14:18,121 - Knowledge - INFO - Found code-base-name: https://github.com/kavia-common/accountill-156786.git:kavia-master
2025-08-13 10:14:18,121 - Knowledge - INFO - worker kw8 pull /app/data/b2c/156786/b6407y0/accountill-156786/client/src/clients.json from ingest queue
2025-08-13 10:14:18,121 - Knowledge - INFO - Found code-base-name: https://github.com/kavia-common/accountill-156786.git:kavia-master
2025-08-13 10:14:18,121 - Knowledge - INFO - adding /app/data/b2c/156786/b6407y0/accountill-156786/server/routes/profile.js to ingest queue
2025-08-13 10:14:18,154 - Knowledge - INFO - knowledge worker kw19 start
2025-08-13 10:14:18,156 - Knowledge - INFO - worker kw20 created with dedicated MongoDB connection (total: 20)
2025-08-13 10:14:19,560 - Knowledge - INFO - knowledge worker kw20 start
2025-08-13 10:14:18,358 - Knowledge - INFO - Found code_base: <app.utils.kg_build.knowledge.KnowledgeCodeBase object at 0x7fee6a422810>
2025-08-13 10:14:18,431 - Knowledge - INFO - Found code_base: <app.utils.kg_build.knowledge.KnowledgeCodeBase object at 0x7fee6a422810>
2025-08-13 10:14:18,527 - Knowledge - INFO - Found code_base: <app.utils.kg_build.knowledge.KnowledgeCodeBase object at 0x7fee6a422810>
2025-08-13 10:14:18,654 - Knowledge - INFO - process ingested knowledge for /app/data/b2c/156786/b6407y0/accountill-156786/client/src/store.js
2025-08-13 10:14:18,733 - Knowledge - INFO - process ingested knowledge for /app/data/b2c/156786/b6407y0/accountill-156786/client/src/App.js
2025-08-13 10:14:18,809 - Knowledge - INFO - Found code_base: <app.utils.kg_build.knowledge.KnowledgeCodeBase object at 0x7fee6a422810>
2025-08-13 10:14:18,922 - Knowledge - INFO - process ingested knowledge for /app/data/b2c/156786/b6407y0/accountill-156786/client/src/api/index.js
2025-08-13 10:14:18,991 - Knowledge - INFO - Found code_base: <app.utils.kg_build.knowledge.KnowledgeCodeBase object at 0x7fee6a422810>
2025-08-13 10:14:19,130 - Knowledge - INFO - process ingested knowledge for /app/data/b2c/156786/b6407y0/accountill-156786/client/src/clients.json
2025-08-13 10:14:19,216 - Knowledge - INFO - Found code_base: <app.utils.kg_build.knowledge.KnowledgeCodeBase object at 0x7fee6a422810>
2025-08-13 10:14:20,684 - Knowledge - INFO - persist ingested knowledge for /app/data/b2c/156786/b6407y0/accountill-156786/server/controllers/clients.js
2025-08-13 10:14:19,317 - Knowledge - INFO - adding /app/data/b2c/156786/b6407y0/accountill-156786/server/routes/userRoutes.js to ingest queue
2025-08-13 10:14:18,269 - Knowledge - INFO - process ingested knowledge for /app/data/b2c/156786/b6407y0/accountill-156786/server/controllers/invoices.js
2025-08-13 10:14:19,562 - Knowledge - WARNING - High connection count: 21 connections active
2025-08-13 10:14:19,782 - Knowledge - INFO - persist ingested knowledge for /app/data/b2c/156786/b6407y0/accountill-156786/server/routes/invoices.js
2025-08-13 10:14:19,888 - Knowledge - INFO - persist ingested knowledge for /app/data/b2c/156786/b6407y0/accountill-156786/server/index.js
2025-08-13 10:14:20,005 - Knowledge - INFO - persist ingested knowledge for /app/data/b2c/156786/b6407y0/accountill-156786/server/controllers/profile.js
2025-08-13 10:14:20,276 - Knowledge - INFO - persist ingested knowledge for /app/data/b2c/156786/b6407y0/accountill-156786/server/controllers/user.js
2025-08-13 10:14:20,484 - Knowledge - INFO - persist ingested knowledge for /app/data/b2c/156786/b6407y0/accountill-156786/server/middleware/auth.js
2025-08-13 10:14:19,316 - Knowledge - INFO - worker kw18 pull /app/data/b2c/156786/b6407y0/accountill-156786/client/src/components/Invoices/Invoices.js from ingest queue
2025-08-13 10:14:20,865 - Knowledge - INFO - worker kw17 pull /app/data/b2c/156786/b6407y0/accountill-156786/client/src/components/Dashboard/ReactChart.js from ingest queue
2025-08-13 10:14:20,866 - Knowledge - INFO - adding /app/data/b2c/156786/b6407y0/accountill-156786/server/routes/clients.js to ingest queue
2025-08-13 10:14:21,067 - Knowledge - INFO - worker kw21 created with dedicated MongoDB connection (total: 21)
2025-08-13 10:14:21,674 - Knowledge - INFO - process ingested knowledge for /app/data/b2c/156786/b6407y0/accountill-156786/client/src/components/Invoices/Invoices.js
2025-08-13 10:14:21,775 - Knowledge - INFO - process ingested knowledge for /app/data/b2c/156786/b6407y0/accountill-156786/client/src/components/Dashboard/ReactChart.js
2025-08-13 10:14:21,839 - Knowledge - INFO - adding /app/data/b2c/156786/b6407y0/accountill-156786/server/models/userModel.js to ingest queue
2025-08-13 10:14:21,937 - Knowledge - INFO - knowledge worker kw21 start
2025-08-13 10:14:21,941 - Knowledge - WARNING - High connection count: 22 connections active
2025-08-13 10:14:22,234 - Knowledge - INFO - worker kw7 pull /app/data/b2c/156786/b6407y0/accountill-156786/client/src/components/Dashboard/Donut.js from ingest queue
2025-08-13 10:14:22,236 - Knowledge - INFO - worker kw9 pull /app/data/b2c/156786/b6407y0/accountill-156786/client/src/components/Dashboard/Chart.js from ingest queue
2025-08-13 10:14:22,236 - Knowledge - INFO - worker kw20 pull /app/data/b2c/156786/b6407y0/accountill-156786/client/src/components/Dashboard/Dashboard.js from ingest queue
2025-08-13 10:14:22,236 - Knowledge - INFO - Found code-base-name: https://github.com/kavia-common/accountill-156786.git:kavia-master
2025-08-13 10:14:22,236 - Knowledge - INFO - Found code-base-name: https://github.com/kavia-common/accountill-156786.git:kavia-master
2025-08-13 10:14:22,971 - Knowledge - INFO - Found code_base: <app.utils.kg_build.knowledge.KnowledgeCodeBase object at 0x7fee6a422810>
2025-08-13 10:14:22,291 - Knowledge - INFO - Found code-base-name: https://github.com/kavia-common/accountill-156786.git:kavia-master
2025-08-13 10:14:22,564 - Knowledge - INFO - worker kw11 pull /app/data/b2c/156786/b6407y0/accountill-156786/client/src/components/Dashboard/Dashboard.module.css from ingest queue
2025-08-13 10:14:22,564 - Knowledge - INFO - Found code-base-name: https://github.com/kavia-common/accountill-156786.git:kavia-master
2025-08-13 10:14:22,564 - Knowledge - INFO - worker kw19 pull /app/data/b2c/156786/b6407y0/accountill-156786/client/src/components/Dashboard/Icons.js from ingest queue
2025-08-13 10:14:22,565 - Knowledge - INFO - worker kw5 pull /app/data/b2c/156786/b6407y0/accountill-156786/client/src/components/svgIcons/NoData.js from ingest queue
2025-08-13 10:14:22,566 - Knowledge - INFO - Found code-base-name: https://github.com/kavia-common/accountill-156786.git:kavia-master
2025-08-13 10:14:22,566 - Knowledge - INFO - adding /app/data/b2c/156786/b6407y0/accountill-156786/server/controllers/clients.js to ingest queue
2025-08-13 10:14:22,577 - Knowledge - INFO - process ingested knowledge for /app/data/b2c/156786/b6407y0/accountill-156786/client/src/components/Dashboard/Donut.js
2025-08-13 10:14:22,664 - Knowledge - INFO - process ingested knowledge for /app/data/b2c/156786/b6407y0/accountill-156786/client/src/components/Dashboard/Chart.js
2025-08-13 10:14:22,452 - Knowledge - INFO - worker kw22 created with dedicated MongoDB connection (total: 22)
2025-08-13 10:14:22,773 - Knowledge - INFO - process ingested knowledge for /app/data/b2c/156786/b6407y0/accountill-156786/client/src/components/Dashboard/Dashboard.js
2025-08-13 10:14:22,881 - Knowledge - INFO - Found code_base: <app.utils.kg_build.knowledge.KnowledgeCodeBase object at 0x7fee6a422810>
2025-08-13 10:14:22,236 - Knowledge - INFO - Found code-base-name: https://github.com/kavia-common/accountill-156786.git:kavia-master
2025-08-13 10:14:23,072 - Knowledge - INFO - persist ingested knowledge for /app/data/b2c/156786/b6407y0/accountill-156786/client/src/api/index.js
2025-08-13 10:14:23,189 - Knowledge - INFO - Found code_base: <app.utils.kg_build.knowledge.KnowledgeCodeBase object at 0x7fee6a422810>
2025-08-13 10:14:24,706 - Knowledge - INFO - persist ingested knowledge for /app/data/b2c/156786/b6407y0/accountill-156786/server/controllers/invoices.js
2025-08-13 10:14:23,389 - Knowledge - INFO - Found code_base: <app.utils.kg_build.knowledge.KnowledgeCodeBase object at 0x7fee6a422810>
2025-08-13 10:14:24,904 - Knowledge - INFO - persist ingested knowledge for /app/data/b2c/156786/b6407y0/accountill-156786/client/src/components/Dashboard/ReactChart.js
2025-08-13 10:14:23,670 - Knowledge - INFO - process ingested knowledge for /app/data/b2c/156786/b6407y0/accountill-156786/client/src/components/svgIcons/NoData.js
2025-08-13 10:14:23,724 - Knowledge - INFO - Found code_base: <app.utils.kg_build.knowledge.KnowledgeCodeBase object at 0x7fee6a422810>
2025-08-13 10:14:23,846 - Knowledge - INFO - worker kw21 pull /app/data/b2c/156786/b6407y0/accountill-156786/client/src/components/svgIcons/Empty.js from ingest queue
2025-08-13 10:14:23,847 - Knowledge - INFO - adding /app/data/b2c/156786/b6407y0/accountill-156786/server/routes/invoices.js to ingest queue
2025-08-13 10:14:24,173 - Knowledge - INFO - knowledge worker kw22 start
2025-08-13 10:14:24,175 - Knowledge - WARNING - High connection count: 23 connections active
2025-08-13 10:14:24,370 - Knowledge - INFO - persist ingested knowledge for /app/data/b2c/156786/b6407y0/accountill-156786/client/src/App.js
2025-08-13 10:14:24,489 - Knowledge - INFO - Found code_base: <app.utils.kg_build.knowledge.KnowledgeCodeBase object at 0x7fee6a422810>
2025-08-13 10:14:23,336 - Knowledge - INFO - process ingested knowledge for /app/data/b2c/156786/b6407y0/accountill-156786/client/src/components/Dashboard/Dashboard.module.css
2025-08-13 10:14:23,538 - Knowledge - INFO - process ingested knowledge for /app/data/b2c/156786/b6407y0/accountill-156786/client/src/components/Dashboard/Icons.js
2025-08-13 10:14:25,257 - Knowledge - INFO - persist ingested knowledge for /app/data/b2c/156786/b6407y0/accountill-156786/client/src/store.js
2025-08-13 10:14:25,414 - Knowledge - INFO - process ingested knowledge for /app/data/b2c/156786/b6407y0/accountill-156786/client/src/components/svgIcons/Empty.js
2025-08-13 10:14:25,488 - Knowledge - INFO - adding /app/data/b2c/156786/b6407y0/accountill-156786/server/index.js to ingest queue
2025-08-13 10:14:25,672 - Knowledge - INFO - worker kw23 created with dedicated MongoDB connection (total: 23)
2025-08-13 10:14:25,839 - Knowledge - INFO - persist ingested knowledge for /app/data/b2c/156786/b6407y0/accountill-156786/client/src/clients.json
2025-08-13 10:14:26,358 - Knowledge - INFO - adding /app/data/b2c/156786/b6407y0/accountill-156786/server/controllers/profile.js to ingest queue
2025-08-13 10:14:26,479 - Knowledge - INFO - knowledge worker kw23 start
2025-08-13 10:14:26,480 - Knowledge - WARNING - High connection count: 24 connections active
2025-08-13 10:14:26,735 - Knowledge - INFO - adding /app/data/b2c/156786/b6407y0/accountill-156786/server/controllers/user.js to ingest queue
2025-08-13 10:14:26,922 - Knowledge - INFO - worker kw24 created with dedicated MongoDB connection (total: 24)
2025-08-13 10:14:27,024 - Knowledge - INFO - Found code-base-name: https://github.com/kavia-common/accountill-156786.git:kavia-master
2025-08-13 10:14:27,025 - Knowledge - INFO - adding /app/data/b2c/156786/b6407y0/accountill-156786/server/middleware/auth.js to ingest queue
2025-08-13 10:14:27,111 - Knowledge - INFO - knowledge worker kw24 start
2025-08-13 10:14:27,112 - Knowledge - WARNING - High connection count: 25 connections active
2025-08-13 10:14:27,231 - Knowledge - INFO - Found code_base: <app.utils.kg_build.knowledge.KnowledgeCodeBase object at 0x7fee6a422810>
2025-08-13 10:14:27,363 - Knowledge - INFO - worker kw10 pull /app/data/b2c/156786/b6407y0/accountill-156786/client/src/components/Clients/ClientList.js from ingest queue
2025-08-13 10:14:27,364 - Knowledge - INFO - worker kw14 pull /app/data/b2c/156786/b6407y0/accountill-156786/client/src/components/Clients/Clients.module.css from ingest queue
2025-08-13 10:14:27,365 - Knowledge - INFO - Found code-base-name: https://github.com/kavia-common/accountill-156786.git:kavia-master
2025-08-13 10:14:27,365 - Knowledge - INFO - Found code-base-name: https://github.com/kavia-common/accountill-156786.git:kavia-master
2025-08-13 10:14:27,536 - Knowledge - INFO - Found code-base-name: https://github.com/kavia-common/accountill-156786.git:kavia-master
2025-08-13 10:14:27,536 - Knowledge - INFO - worker kw1 pull /app/data/b2c/156786/b6407y0/accountill-156786/client/src/components/Clients/Clients.js from ingest queue
2025-08-13 10:14:27,536 - Knowledge - INFO - worker kw22 pull /app/data/b2c/156786/b6407y0/accountill-156786/client/src/components/Clients/AddClient.js from ingest queue
2025-08-13 10:14:27,536 - Knowledge - INFO - Found code-base-name: https://github.com/kavia-common/accountill-156786.git:kavia-master
2025-08-13 10:14:27,536 - Knowledge - INFO - Found code-base-name: https://github.com/kavia-common/accountill-156786.git:kavia-master
2025-08-13 10:14:27,596 - Knowledge - INFO - Found code-base-name: https://github.com/kavia-common/accountill-156786.git:kavia-master
2025-08-13 10:14:27,597 - Knowledge - INFO - worker kw2 pull /app/data/b2c/156786/b6407y0/accountill-156786/client/src/components/NavBar/NavBar.js from ingest queue
2025-08-13 10:14:27,662 - Knowledge - INFO - worker kw23 pull /app/data/b2c/156786/b6407y0/accountill-156786/client/src/components/Settings/Form/icon.js from ingest queue
2025-08-13 10:14:27,662 - Knowledge - INFO - worker kw6 pull /app/data/b2c/156786/b6407y0/accountill-156786/client/src/components/Settings/Form/Profile.js from ingest queue
2025-08-13 10:14:27,662 - Knowledge - INFO - worker kw12 pull /app/data/b2c/156786/b6407y0/accountill-156786/client/src/components/Settings/Form/Input.js from ingest queue
2025-08-13 10:14:27,662 - Knowledge - INFO - adding /app/data/b2c/156786/b6407y0/accountill-156786/client/src/api/index.js to ingest queue
2025-08-13 10:14:27,734 - Knowledge - INFO - persist ingested knowledge for /app/data/b2c/156786/b6407y0/accountill-156786/client/src/components/Invoices/Invoices.js
2025-08-13 10:14:27,867 - Knowledge - INFO - process ingested knowledge for /app/data/b2c/156786/b6407y0/accountill-156786/client/src/components/Clients/ClientList.js
2025-08-13 10:14:27,975 - Knowledge - INFO - process ingested knowledge for /app/data/b2c/156786/b6407y0/accountill-156786/client/src/components/Clients/Clients.module.css
2025-08-13 10:14:28,056 - Knowledge - INFO - Found code_base: <app.utils.kg_build.knowledge.KnowledgeCodeBase object at 0x7fee6a422810>
2025-08-13 10:14:28,142 - Knowledge - INFO - Found code_base: <app.utils.kg_build.knowledge.KnowledgeCodeBase object at 0x7fee6a422810>
2025-08-13 10:14:28,221 - Knowledge - INFO - Found code_base: <app.utils.kg_build.knowledge.KnowledgeCodeBase object at 0x7fee6a422810>
2025-08-13 10:14:27,611 - Knowledge - INFO - worker kw25 created with dedicated MongoDB connection (total: 25)
2025-08-13 10:14:28,345 - Knowledge - INFO - process ingested knowledge for /app/data/b2c/156786/b6407y0/accountill-156786/client/src/components/Clients/Clients.js
2025-08-13 10:14:28,464 - Knowledge - INFO - process ingested knowledge for /app/data/b2c/156786/b6407y0/accountill-156786/client/src/components/Clients/AddClient.js
2025-08-13 10:14:28,511 - Knowledge - INFO - Found code_base: <app.utils.kg_build.knowledge.KnowledgeCodeBase object at 0x7fee6a422810>
2025-08-13 10:14:28,608 - Knowledge - INFO - Found code_base: <app.utils.kg_build.knowledge.KnowledgeCodeBase object at 0x7fee6a422810>
2025-08-13 10:14:28,706 - Knowledge - INFO - Found code_base: <app.utils.kg_build.knowledge.KnowledgeCodeBase object at 0x7fee6a422810>
2025-08-13 10:14:28,831 - Knowledge - INFO - process ingested knowledge for /app/data/b2c/156786/b6407y0/accountill-156786/client/src/components/NavBar/NavBar.js
2025-08-13 10:14:28,938 - Knowledge - INFO - process ingested knowledge for /app/data/b2c/156786/b6407y0/accountill-156786/client/src/components/Settings/Form/icon.js
2025-08-13 10:14:29,022 - Knowledge - INFO - process ingested knowledge for /app/data/b2c/156786/b6407y0/accountill-156786/client/src/components/Settings/Form/Profile.js
2025-08-13 10:14:29,131 - Knowledge - INFO - process ingested knowledge for /app/data/b2c/156786/b6407y0/accountill-156786/client/src/components/Settings/Form/Input.js
2025-08-13 10:14:29,174 - Knowledge - INFO - worker kw24 pull /app/data/b2c/156786/b6407y0/accountill-156786/client/src/components/Settings/Form/Uploader.js from ingest queue
2025-08-13 10:14:29,174 - Knowledge - INFO - adding /app/data/b2c/156786/b6407y0/accountill-156786/client/src/components/Dashboard/ReactChart.js to ingest queue
2025-08-13 10:14:29,583 - Knowledge - INFO - persist ingested knowledge for /app/data/b2c/156786/b6407y0/accountill-156786/client/src/components/Dashboard/Chart.js
2025-08-13 10:14:29,701 - Knowledge - INFO - persist ingested knowledge for /app/data/b2c/156786/b6407y0/accountill-156786/client/src/components/Dashboard/Donut.js
2025-08-13 10:14:29,808 - Knowledge - INFO - persist ingested knowledge for /app/data/b2c/156786/b6407y0/accountill-156786/client/src/components/svgIcons/NoData.js
2025-08-13 10:14:29,891 - Knowledge - INFO - knowledge worker kw25 start
2025-08-13 10:14:30,192 - Knowledge - INFO - persist ingested knowledge for /app/data/b2c/156786/b6407y0/accountill-156786/client/src/components/Dashboard/Dashboard.module.css
2025-08-13 10:14:30,294 - Knowledge - INFO - persist ingested knowledge for /app/data/b2c/156786/b6407y0/accountill-156786/client/src/components/Dashboard/Icons.js
2025-08-13 10:14:30,406 - Knowledge - INFO - persist ingested knowledge for /app/data/b2c/156786/b6407y0/accountill-156786/client/src/components/svgIcons/Empty.js
2025-08-13 10:14:30,985 - Knowledge - INFO - process ingested knowledge for /app/data/b2c/156786/b6407y0/accountill-156786/client/src/components/Settings/Form/Uploader.js
2025-08-13 10:14:31,117 - Knowledge - INFO - adding /app/data/b2c/156786/b6407y0/accountill-156786/client/src/store.js to ingest queue
2025-08-13 10:14:31,954 - Knowledge - INFO - worker kw4 pull /app/data/b2c/156786/b6407y0/accountill-156786/client/src/components/Settings/Form/Uploader.module.css from ingest queue
2025-08-13 10:14:31,954 - Knowledge - INFO - adding /app/data/b2c/156786/b6407y0/accountill-156786/client/src/clients.json to ingest queue
2025-08-13 10:14:32,064 - Knowledge - INFO - process ingested knowledge for /app/data/b2c/156786/b6407y0/accountill-156786/client/src/components/Settings/Form/Uploader.module.css
2025-08-13 10:14:32,120 - Knowledge - INFO - adding /app/data/b2c/156786/b6407y0/accountill-156786/server/controllers/invoices.js to ingest queue
2025-08-13 10:14:32,335 - Knowledge - INFO - worker kw3 pull /app/data/b2c/156786/b6407y0/accountill-156786/client/src/components/Settings/Form/Form.js from ingest queue
2025-08-13 10:14:32,407 - Knowledge - INFO - Found code-base-name: https://github.com/kavia-common/accountill-156786.git:kavia-master
2025-08-13 10:14:32,408 - Knowledge - INFO - Found code-base-name: https://github.com/kavia-common/accountill-156786.git:kavia-master
2025-08-13 10:14:32,408 - Knowledge - INFO - Found code-base-name: https://github.com/kavia-common/accountill-156786.git:kavia-master
2025-08-13 10:14:32,408 - Knowledge - INFO - Found code-base-name: https://github.com/kavia-common/accountill-156786.git:kavia-master
2025-08-13 10:14:32,841 - Knowledge - INFO - Found code_base: <app.utils.kg_build.knowledge.KnowledgeCodeBase object at 0x7fee6a422810>
2025-08-13 10:14:32,408 - Knowledge - INFO - Found code-base-name: https://github.com/kavia-common/accountill-156786.git:kavia-master
2025-08-13 10:14:33,016 - Knowledge - INFO - Found code_base: <app.utils.kg_build.knowledge.KnowledgeCodeBase object at 0x7fee6a422810>
2025-08-13 10:14:32,409 - Knowledge - INFO - worker kw17 pull /app/data/b2c/156786/b6407y0/accountill-156786/client/src/components/Settings/Form/styles.js from ingest queue
2025-08-13 10:14:32,409 - Knowledge - INFO - adding /app/data/b2c/156786/b6407y0/accountill-156786/client/src/App.js to ingest queue
2025-08-13 10:14:32,470 - Knowledge - INFO - process ingested knowledge for /app/data/b2c/156786/b6407y0/accountill-156786/client/src/components/Settings/Form/Form.js
2025-08-13 10:14:32,518 - Knowledge - INFO - Found code_base: <app.utils.kg_build.knowledge.KnowledgeCodeBase object at 0x7fee6a422810>
2025-08-13 10:14:32,626 - Knowledge - INFO - Found code_base: <app.utils.kg_build.knowledge.KnowledgeCodeBase object at 0x7fee6a422810>
2025-08-13 10:14:32,740 - Knowledge - INFO - Found code_base: <app.utils.kg_build.knowledge.KnowledgeCodeBase object at 0x7fee6a422810>
2025-08-13 10:14:32,408 - Knowledge - INFO - Found code-base-name: https://github.com/kavia-common/accountill-156786.git:kavia-master
2025-08-13 10:14:32,934 - Knowledge - INFO - persist ingested knowledge for /app/data/b2c/156786/b6407y0/accountill-156786/client/src/components/NavBar/NavBar.js
2025-08-13 10:14:32,409 - Knowledge - INFO - Found code-base-name: https://github.com/kavia-common/accountill-156786.git:kavia-master
2025-08-13 10:14:33,104 - Knowledge - INFO - persist ingested knowledge for /app/data/b2c/156786/b6407y0/accountill-156786/client/src/components/Settings/Form/Profile.js
2025-08-13 10:14:33,250 - Knowledge - INFO - process ingested knowledge for /app/data/b2c/156786/b6407y0/accountill-156786/client/src/components/Settings/Form/styles.js
2025-08-13 10:14:33,419 - Knowledge - INFO - worker kw25 pull /app/data/b2c/156786/b6407y0/accountill-156786/client/src/components/Settings/Settings.module.css from ingest queue
2025-08-13 10:14:33,502 - Knowledge - INFO - persist ingested knowledge for /app/data/b2c/156786/b6407y0/accountill-156786/client/src/components/Clients/Clients.module.css
2025-08-13 10:14:33,592 - Knowledge - INFO - persist ingested knowledge for /app/data/b2c/156786/b6407y0/accountill-156786/client/src/components/Clients/Clients.js
2025-08-13 10:14:33,606 - Knowledge - INFO - Found code-base-name: https://github.com/kavia-common/accountill-156786.git:kavia-master
2025-08-13 10:14:33,606 - Knowledge - INFO - Found code-base-name: https://github.com/kavia-common/accountill-156786.git:kavia-master
2025-08-13 10:14:34,716 - Knowledge - INFO - Found code_base: <app.utils.kg_build.knowledge.KnowledgeCodeBase object at 0x7fee6a422810>
2025-08-13 10:14:33,606 - Knowledge - INFO - Found code-base-name: https://github.com/kavia-common/accountill-156786.git:kavia-master
2025-08-13 10:14:33,606 - Knowledge - INFO - worker kw8 pull /app/data/b2c/156786/b6407y0/accountill-156786/client/src/components/Payments/Modal.js from ingest queue
2025-08-13 10:14:33,606 - Knowledge - INFO - Found code-base-name: https://github.com/kavia-common/accountill-156786.git:kavia-master
2025-08-13 10:14:33,673 - Knowledge - INFO - adding /app/data/b2c/156786/b6407y0/accountill-156786/client/src/components/Dashboard/Chart.js to ingest queue
2025-08-13 10:14:33,705 - Knowledge - INFO - persist ingested knowledge for /app/data/b2c/156786/b6407y0/accountill-156786/client/src/components/Clients/AddClient.js
2025-08-13 10:14:33,806 - Knowledge - INFO - Found code_base: <app.utils.kg_build.knowledge.KnowledgeCodeBase object at 0x7fee6a422810>
2025-08-13 10:14:35,421 - Knowledge - INFO - persist ingested knowledge for /app/data/b2c/156786/b6407y0/accountill-156786/client/src/components/Settings/Form/icon.js
2025-08-13 10:14:34,402 - Knowledge - INFO - process ingested knowledge for /app/data/b2c/156786/b6407y0/accountill-156786/client/src/components/Settings/Settings.module.css
2025-08-13 10:14:34,611 - Knowledge - INFO - Found code_base: <app.utils.kg_build.knowledge.KnowledgeCodeBase object at 0x7fee6a422810>
2025-08-13 10:14:33,606 - Knowledge - INFO - worker kw13 pull /app/data/b2c/156786/b6407y0/accountill-156786/client/src/components/Settings/Settings.js from ingest queue
2025-08-13 10:14:34,804 - Knowledge - INFO - persist ingested knowledge for /app/data/b2c/156786/b6407y0/accountill-156786/client/src/components/Dashboard/Dashboard.js
2025-08-13 10:14:34,899 - Knowledge - INFO - Found code_base: <app.utils.kg_build.knowledge.KnowledgeCodeBase object at 0x7fee6a422810>
2025-08-13 10:14:35,067 - Knowledge - INFO - process ingested knowledge for /app/data/b2c/156786/b6407y0/accountill-156786/client/src/components/Payments/Modal.js
2025-08-13 10:14:35,124 - Knowledge - INFO - Found code_base: <app.utils.kg_build.knowledge.KnowledgeCodeBase object at 0x7fee6a422810>
2025-08-13 10:14:35,225 - Knowledge - INFO - adding /app/data/b2c/156786/b6407y0/accountill-156786/client/src/components/Dashboard/Donut.js to ingest queue
2025-08-13 10:14:34,029 - Knowledge - INFO - Found code_base: <app.utils.kg_build.knowledge.KnowledgeCodeBase object at 0x7fee6a422810>
2025-08-13 10:14:35,690 - Knowledge - INFO - persist ingested knowledge for /app/data/b2c/156786/b6407y0/accountill-156786/client/src/components/Settings/Form/Uploader.js
2025-08-13 10:14:35,811 - Knowledge - INFO - process ingested knowledge for /app/data/b2c/156786/b6407y0/accountill-156786/client/src/components/Settings/Settings.js
2025-08-13 10:14:35,987 - Knowledge - INFO - persist ingested knowledge for /app/data/b2c/156786/b6407y0/accountill-156786/client/src/components/Settings/Form/Uploader.module.css
2025-08-13 10:14:36,210 - Knowledge - INFO - persist ingested knowledge for /app/data/b2c/156786/b6407y0/accountill-156786/client/src/components/Clients/ClientList.js
2025-08-13 10:14:36,303 - Knowledge - INFO - Found code-base-name: https://github.com/kavia-common/accountill-156786.git:kavia-master
2025-08-13 10:14:36,303 - Knowledge - INFO - adding /app/data/b2c/156786/b6407y0/accountill-156786/client/src/components/svgIcons/NoData.js to ingest queue
2025-08-13 10:14:36,414 - Knowledge - INFO - persist ingested knowledge for /app/data/b2c/156786/b6407y0/accountill-156786/client/src/components/Settings/Form/Input.js
2025-08-13 10:14:36,901 - Knowledge - INFO - Found code_base: <app.utils.kg_build.knowledge.KnowledgeCodeBase object at 0x7fee6a422810>
2025-08-13 10:14:37,011 - Knowledge - INFO - adding /app/data/b2c/156786/b6407y0/accountill-156786/client/src/components/Dashboard/Icons.js to ingest queue
2025-08-13 10:14:37,246 - Knowledge - INFO - persist ingested knowledge for /app/data/b2c/156786/b6407y0/accountill-156786/client/src/components/Settings/Form/Form.js
2025-08-13 10:14:37,349 - Knowledge - INFO - adding /app/data/b2c/156786/b6407y0/accountill-156786/client/src/components/svgIcons/Empty.js to ingest queue
2025-08-13 10:14:37,543 - Knowledge - INFO - worker kw15 pull /app/data/b2c/156786/b6407y0/accountill-156786/client/src/components/Payments/AddPayment.js from ingest queue
2025-08-13 10:14:37,543 - Knowledge - INFO - worker kw16 pull /app/data/b2c/156786/b6407y0/accountill-156786/client/src/components/Payments/DatePicker.js from ingest queue
2025-08-13 10:14:37,604 - Knowledge - INFO - Found code-base-name: https://github.com/kavia-common/accountill-156786.git:kavia-master
2025-08-13 10:14:37,684 - Knowledge - INFO - process ingested knowledge for /app/data/b2c/156786/b6407y0/accountill-156786/client/src/components/Payments/AddPayment.js
2025-08-13 10:14:37,722 - Knowledge - INFO - worker kw9 pull /app/data/b2c/156786/b6407y0/accountill-156786/client/src/components/Header/Header.module.css from ingest queue
2025-08-13 10:14:37,782 - Knowledge - INFO - Found code-base-name: https://github.com/kavia-common/accountill-156786.git:kavia-master
2025-08-13 10:14:37,815 - Knowledge - INFO - process ingested knowledge for /app/data/b2c/156786/b6407y0/accountill-156786/client/src/components/Payments/DatePicker.js
2025-08-13 10:14:37,835 - Knowledge - INFO - Found code_base: <app.utils.kg_build.knowledge.KnowledgeCodeBase object at 0x7fee6a422810>
2025-08-13 10:14:37,842 - Knowledge - INFO - Found code-base-name: https://github.com/kavia-common/accountill-156786.git:kavia-master
2025-08-13 10:14:37,843 - Knowledge - INFO - adding /app/data/b2c/156786/b6407y0/accountill-156786/client/src/components/Dashboard/Dashboard.module.css to ingest queue
2025-08-13 10:14:38,083 - Knowledge - INFO - process ingested knowledge for /app/data/b2c/156786/b6407y0/accountill-156786/client/src/components/Header/Header.module.css
2025-08-13 10:14:38,132 - Knowledge - INFO - Found code_base: <app.utils.kg_build.knowledge.KnowledgeCodeBase object at 0x7fee6a422810>
2025-08-13 10:14:38,334 - Knowledge - INFO - persist ingested knowledge for /app/data/b2c/156786/b6407y0/accountill-156786/client/src/components/Settings/Form/styles.js
2025-08-13 10:14:38,447 - Knowledge - INFO - Found code_base: <app.utils.kg_build.knowledge.KnowledgeCodeBase object at 0x7fee6a422810>
2025-08-13 10:14:38,547 - Knowledge - INFO - worker kw7 pull /app/data/b2c/156786/b6407y0/accountill-156786/client/src/components/Header/Header.js from ingest queue
2025-08-13 10:14:38,611 - Knowledge - INFO - Found code-base-name: https://github.com/kavia-common/accountill-156786.git:kavia-master
2025-08-13 10:14:38,729 - Knowledge - INFO - persist ingested knowledge for /app/data/b2c/156786/b6407y0/accountill-156786/client/src/components/Settings/Settings.module.css
2025-08-13 10:14:38,739 - Knowledge - INFO - adding /app/data/b2c/156786/b6407y0/accountill-156786/client/src/components/Clients/ClientList.js to ingest queue
2025-08-13 10:14:38,926 - Knowledge - INFO - persist ingested knowledge for /app/data/b2c/156786/b6407y0/accountill-156786/client/src/components/Payments/Modal.js
2025-08-13 10:14:39,105 - Knowledge - INFO - process ingested knowledge for /app/data/b2c/156786/b6407y0/accountill-156786/client/src/components/Header/Header.js
2025-08-13 10:14:39,159 - Knowledge - INFO - Found code_base: <app.utils.kg_build.knowledge.KnowledgeCodeBase object at 0x7fee6a422810>
2025-08-13 10:14:39,395 - Knowledge - INFO - worker kw19 pull /app/data/b2c/156786/b6407y0/accountill-156786/client/src/components/Fab/Fab.js from ingest queue
2025-08-13 10:14:39,456 - Knowledge - INFO - adding /app/data/b2c/156786/b6407y0/accountill-156786/client/src/components/Invoices/Invoices.js to ingest queue
2025-08-13 10:14:39,602 - Knowledge - INFO - persist ingested knowledge for /app/data/b2c/156786/b6407y0/accountill-156786/client/src/components/Settings/Settings.js
2025-08-13 10:14:39,751 - Knowledge - INFO - process ingested knowledge for /app/data/b2c/156786/b6407y0/accountill-156786/client/src/components/Fab/Fab.js
2025-08-13 10:14:39,868 - Knowledge - INFO - adding /app/data/b2c/156786/b6407y0/accountill-156786/client/src/components/NavBar/NavBar.js to ingest queue
2025-08-13 10:14:40,063 - Knowledge - INFO - adding /app/data/b2c/156786/b6407y0/accountill-156786/client/src/components/Clients/Clients.module.css to ingest queue
2025-08-13 10:14:40,242 - Knowledge - INFO - adding /app/data/b2c/156786/b6407y0/accountill-156786/client/src/components/Clients/Clients.js to ingest queue
2025-08-13 10:14:40,314 - Knowledge - INFO - adding /app/data/b2c/156786/b6407y0/accountill-156786/client/src/components/Clients/AddClient.js to ingest queue
2025-08-13 10:14:40,406 - Knowledge - INFO - adding /app/data/b2c/156786/b6407y0/accountill-156786/client/src/components/Dashboard/Dashboard.js to ingest queue
2025-08-13 10:14:40,483 - Knowledge - INFO - Found code-base-name: https://github.com/kavia-common/accountill-156786.git:kavia-master
2025-08-13 10:14:40,484 - Knowledge - INFO - Found code-base-name: https://github.com/kavia-common/accountill-156786.git:kavia-master
2025-08-13 10:14:40,484 - Knowledge - INFO - worker kw11 pull /app/data/b2c/156786/b6407y0/accountill-156786/client/src/components/Login/Google.js from ingest queue
2025-08-13 10:14:40,485 - Knowledge - INFO - Found code-base-name: https://github.com/kavia-common/accountill-156786.git:kavia-master
2025-08-13 10:14:40,869 - Knowledge - INFO - Found code_base: <app.utils.kg_build.knowledge.KnowledgeCodeBase object at 0x7fee6a422810>
2025-08-13 10:14:40,552 - Knowledge - INFO - Found code_base: <app.utils.kg_build.knowledge.KnowledgeCodeBase object at 0x7fee6a422810>
2025-08-13 10:14:40,637 - Knowledge - INFO - Found code_base: <app.utils.kg_build.knowledge.KnowledgeCodeBase object at 0x7fee6a422810>
2025-08-13 10:14:40,803 - Knowledge - INFO - process ingested knowledge for /app/data/b2c/156786/b6407y0/accountill-156786/client/src/components/Login/Google.js
2025-08-13 10:14:40,485 - Knowledge - INFO - adding /app/data/b2c/156786/b6407y0/accountill-156786/client/src/components/Settings/Form/Uploader.js to ingest queue
2025-08-13 10:14:40,967 - Knowledge - INFO - persist ingested knowledge for /app/data/b2c/156786/b6407y0/accountill-156786/client/src/components/Header/Header.module.css
2025-08-13 10:14:41,064 - Knowledge - INFO - persist ingested knowledge for /app/data/b2c/156786/b6407y0/accountill-156786/client/src/components/Payments/AddPayment.js
2025-08-13 10:14:41,181 - Knowledge - INFO - persist ingested knowledge for /app/data/b2c/156786/b6407y0/accountill-156786/client/src/components/Payments/DatePicker.js
2025-08-13 10:14:41,362 - Knowledge - INFO - worker kw5 pull /app/data/b2c/156786/b6407y0/accountill-156786/client/src/components/Login/Icon.js from ingest queue
2025-08-13 10:14:41,430 - Knowledge - INFO - worker kw10 pull /app/data/b2c/156786/b6407y0/accountill-156786/client/src/components/Login/Login.js from ingest queue
2025-08-13 10:14:41,431 - Knowledge - INFO - worker kw21 pull /app/data/b2c/156786/b6407y0/accountill-156786/client/src/components/Login/Login.module.css from ingest queue
2025-08-13 10:14:41,431 - Knowledge - INFO - adding /app/data/b2c/156786/b6407y0/accountill-156786/client/src/components/Settings/Form/Form.js to ingest queue
2025-08-13 10:14:41,794 - Knowledge - INFO - process ingested knowledge for /app/data/b2c/156786/b6407y0/accountill-156786/client/src/components/Login/Icon.js
2025-08-13 10:14:41,884 - Knowledge - INFO - process ingested knowledge for /app/data/b2c/156786/b6407y0/accountill-156786/client/src/components/Login/Login.js
2025-08-13 10:14:41,991 - Knowledge - INFO - process ingested knowledge for /app/data/b2c/156786/b6407y0/accountill-156786/client/src/components/Login/Login.module.css
2025-08-13 10:14:42,069 - Knowledge - INFO - Found code-base-name: https://github.com/kavia-common/accountill-156786.git:kavia-master
2025-08-13 10:14:42,069 - Knowledge - INFO - worker kw18 pull /app/data/b2c/156786/b6407y0/accountill-156786/client/src/components/Login/Field.js from ingest queue
2025-08-13 10:14:42,070 - Knowledge - INFO - adding /app/data/b2c/156786/b6407y0/accountill-156786/client/src/components/Settings/Form/Profile.js to ingest queue
2025-08-13 10:14:42,463 - Knowledge - INFO - Found code_base: <app.utils.kg_build.knowledge.KnowledgeCodeBase object at 0x7fee6a422810>
2025-08-13 10:14:42,615 - Knowledge - INFO - process ingested knowledge for /app/data/b2c/156786/b6407y0/accountill-156786/client/src/components/Login/Field.js
2025-08-13 10:14:42,669 - Knowledge - INFO - Found code-base-name: https://github.com/kavia-common/accountill-156786.git:kavia-master
2025-08-13 10:14:42,958 - Knowledge - INFO - Found code_base: <app.utils.kg_build.knowledge.KnowledgeCodeBase object at 0x7fee6a422810>
2025-08-13 10:14:42,670 - Knowledge - INFO - adding /app/data/b2c/156786/b6407y0/accountill-156786/client/src/components/Settings/Form/icon.js to ingest queue
2025-08-13 10:14:42,780 - Knowledge - INFO - persist ingested knowledge for /app/data/b2c/156786/b6407y0/accountill-156786/client/src/components/Header/Header.js
2025-08-13 10:14:42,669 - Knowledge - INFO - worker kw2 pull /app/data/b2c/156786/b6407y0/accountill-156786/client/src/components/Login/styles.js from ingest queue
2025-08-13 10:14:43,074 - Knowledge - INFO - persist ingested knowledge for /app/data/b2c/156786/b6407y0/accountill-156786/client/src/components/Fab/Fab.js
2025-08-13 10:14:43,211 - Knowledge - INFO - worker kw1 pull /app/data/b2c/156786/b6407y0/accountill-156786/client/src/components/Home/Home.js from ingest queue
2025-08-13 10:14:43,212 - Knowledge - INFO - worker kw22 pull /app/data/b2c/156786/b6407y0/accountill-156786/client/src/components/Home/Home.module.css from ingest queue
2025-08-13 10:14:43,213 - Knowledge - INFO - Found code-base-name: https://github.com/kavia-common/accountill-156786.git:kavia-master
2025-08-13 10:14:43,213 - Knowledge - INFO - worker kw24 pull /app/data/b2c/156786/b6407y0/accountill-156786/client/src/components/Invoice/Invoice.js from ingest queue
2025-08-13 10:14:43,276 - Knowledge - INFO - adding /app/data/b2c/156786/b6407y0/accountill-156786/client/src/components/Settings/Settings.module.css to ingest queue
2025-08-13 10:14:43,480 - Knowledge - INFO - process ingested knowledge for /app/data/b2c/156786/b6407y0/accountill-156786/client/src/components/Login/styles.js
2025-08-13 10:14:43,742 - Knowledge - INFO - process ingested knowledge for /app/data/b2c/156786/b6407y0/accountill-156786/client/src/components/Home/Home.js
2025-08-13 10:14:43,820 - Knowledge - INFO - process ingested knowledge for /app/data/b2c/156786/b6407y0/accountill-156786/client/src/components/Home/Home.module.css
2025-08-13 10:14:43,919 - Knowledge - INFO - Found code_base: <app.utils.kg_build.knowledge.KnowledgeCodeBase object at 0x7fee6a422810>
2025-08-13 10:14:44,045 - Knowledge - INFO - process ingested knowledge for /app/data/b2c/156786/b6407y0/accountill-156786/client/src/components/Invoice/Invoice.js
2025-08-13 10:14:44,161 - Knowledge - INFO - adding /app/data/b2c/156786/b6407y0/accountill-156786/client/src/components/Payments/Modal.js to ingest queue
2025-08-13 10:14:44,497 - Knowledge - INFO - persist ingested knowledge for /app/data/b2c/156786/b6407y0/accountill-156786/client/src/components/Login/Google.js
2025-08-13 10:14:44,867 - Knowledge - INFO - worker kw3 pull /app/data/b2c/156786/b6407y0/accountill-156786/client/src/components/Invoice/Invoice.module.css from ingest queue
2025-08-13 10:14:44,867 - Knowledge - INFO - Found code-base-name: https://github.com/kavia-common/accountill-156786.git:kavia-master
2025-08-13 10:14:44,868 - Knowledge - INFO - Found code-base-name: https://github.com/kavia-common/accountill-156786.git:kavia-master
2025-08-13 10:14:44,869 - Knowledge - INFO - worker kw6 pull /app/data/b2c/156786/b6407y0/accountill-156786/client/src/components/Invoice/InvoiceType.js from ingest queue
2025-08-13 10:14:44,869 - Knowledge - INFO - Found code-base-name: https://github.com/kavia-common/accountill-156786.git:kavia-master
2025-08-13 10:14:44,869 - Knowledge - INFO - worker kw20 pull /app/data/b2c/156786/b6407y0/accountill-156786/client/src/components/Invoice/SelectType.js from ingest queue
2025-08-13 10:14:44,869 - Knowledge - INFO - adding /app/data/b2c/156786/b6407y0/accountill-156786/client/src/components/Settings/Form/Uploader.module.css to ingest queue
2025-08-13 10:14:44,971 - Knowledge - INFO - process ingested knowledge for /app/data/b2c/156786/b6407y0/accountill-156786/client/src/components/Invoice/Invoice.module.css
2025-08-13 10:14:45,042 - Knowledge - INFO - Found code_base: <app.utils.kg_build.knowledge.KnowledgeCodeBase object at 0x7fee6a422810>
2025-08-13 10:14:45,154 - Knowledge - INFO - Found code_base: <app.utils.kg_build.knowledge.KnowledgeCodeBase object at 0x7fee6a422810>
2025-08-13 10:14:45,823 - Knowledge - INFO - persist ingested knowledge for /app/data/b2c/156786/b6407y0/accountill-156786/client/src/components/Login/Login.module.css
2025-08-13 10:14:45,348 - Knowledge - INFO - Found code_base: <app.utils.kg_build.knowledge.KnowledgeCodeBase object at 0x7fee6a422810>
2025-08-13 10:14:45,532 - Knowledge - INFO - process ingested knowledge for /app/data/b2c/156786/b6407y0/accountill-156786/client/src/components/Invoice/SelectType.js
2025-08-13 10:14:45,552 - Knowledge - INFO - worker kw4 pull /app/data/b2c/156786/b6407y0/accountill-156786/client/src/components/Invoice/AddClient.js from ingest queue
2025-08-13 10:14:45,554 - Knowledge - INFO - adding /app/data/b2c/156786/b6407y0/accountill-156786/client/src/components/Settings/Form/styles.js to ingest queue
2025-08-13 10:14:45,742 - Knowledge - INFO - persist ingested knowledge for /app/data/b2c/156786/b6407y0/accountill-156786/client/src/components/Login/Icon.js
2025-08-13 10:14:45,281 - Knowledge - INFO - process ingested knowledge for /app/data/b2c/156786/b6407y0/accountill-156786/client/src/components/Invoice/InvoiceType.js
2025-08-13 10:14:46,022 - Knowledge - INFO - persist ingested knowledge for /app/data/b2c/156786/b6407y0/accountill-156786/client/src/components/Login/Field.js
2025-08-13 10:14:46,282 - Knowledge - INFO - process ingested knowledge for /app/data/b2c/156786/b6407y0/accountill-156786/client/src/components/Invoice/AddClient.js
2025-08-13 10:14:46,454 - Knowledge - INFO - adding /app/data/b2c/156786/b6407y0/accountill-156786/client/src/components/Fab/Fab.js to ingest queue
2025-08-13 10:14:46,970 - Knowledge - INFO - Found code-base-name: https://github.com/kavia-common/accountill-156786.git:kavia-master
2025-08-13 10:14:47,094 - Knowledge - INFO - Found code_base: <app.utils.kg_build.knowledge.KnowledgeCodeBase object at 0x7fee6a422810>
2025-08-13 10:14:46,973 - Knowledge - INFO - Found code-base-name: https://github.com/kavia-common/accountill-156786.git:kavia-master
2025-08-13 10:14:46,973 - Knowledge - INFO - worker kw8 pull /app/data/b2c/156786/b6407y0/accountill-156786/client/src/components/InvoiceDetails/InvoiceDetails.module.css from ingest queue
2025-08-13 10:14:46,973 - Knowledge - INFO - adding /app/data/b2c/156786/b6407y0/accountill-156786/client/src/components/Payments/AddPayment.js to ingest queue
2025-08-13 10:14:46,973 - Knowledge - INFO - Found code-base-name: https://github.com/kavia-common/accountill-156786.git:kavia-master
2025-08-13 10:14:46,972 - Knowledge - INFO - Found code-base-name: https://github.com/kavia-common/accountill-156786.git:kavia-master
2025-08-13 10:14:47,178 - Knowledge - INFO - persist ingested knowledge for /app/data/b2c/156786/b6407y0/accountill-156786/client/src/components/Login/styles.js
2025-08-13 10:14:47,293 - Knowledge - INFO - Found code_base: <app.utils.kg_build.knowledge.KnowledgeCodeBase object at 0x7fee6a422810>
2025-08-13 10:14:47,421 - Knowledge - INFO - process ingested knowledge for /app/data/b2c/156786/b6407y0/accountill-156786/client/src/components/InvoiceDetails/InvoiceDetails.module.css
2025-08-13 10:14:47,478 - Knowledge - INFO - worker kw15 pull /app/data/b2c/156786/b6407y0/accountill-156786/client/src/components/InvoiceDetails/InvoiceDetails.js from ingest queue
2025-08-13 10:14:47,479 - Knowledge - INFO - adding /app/data/b2c/156786/b6407y0/accountill-156786/client/src/components/Settings/Settings.js to ingest queue
2025-08-13 10:14:47,579 - Knowledge - INFO - Found code_base: <app.utils.kg_build.knowledge.KnowledgeCodeBase object at 0x7fee6a422810>
2025-08-13 10:14:47,654 - Knowledge - INFO - Found code_base: <app.utils.kg_build.knowledge.KnowledgeCodeBase object at 0x7fee6a422810>
2025-08-13 10:14:47,838 - Knowledge - INFO - persist ingested knowledge for /app/data/b2c/156786/b6407y0/accountill-156786/client/src/components/Home/Home.module.css
2025-08-13 10:14:48,062 - Knowledge - INFO - process ingested knowledge for /app/data/b2c/156786/b6407y0/accountill-156786/client/src/components/InvoiceDetails/InvoiceDetails.js
2025-08-13 10:14:48,124 - Knowledge - INFO - adding /app/data/b2c/156786/b6407y0/accountill-156786/client/src/components/Settings/Form/Input.js to ingest queue
2025-08-13 10:14:48,244 - Knowledge - INFO - persist ingested knowledge for /app/data/b2c/156786/b6407y0/accountill-156786/client/src/components/Invoice/Invoice.js
2025-08-13 10:14:48,336 - Knowledge - INFO - persist ingested knowledge for /app/data/b2c/156786/b6407y0/accountill-156786/client/src/components/Home/Home.js
2025-08-13 10:14:48,630 - Knowledge - INFO - worker kw12 pull /app/data/b2c/156786/b6407y0/accountill-156786/client/src/components/InvoiceDetails/PaymentHistory.js from ingest queue
2025-08-13 10:14:48,630 - Knowledge - INFO - Found code-base-name: https://github.com/kavia-common/accountill-156786.git:kavia-master
2025-08-13 10:14:48,630 - Knowledge - INFO - Found code-base-name: https://github.com/kavia-common/accountill-156786.git:kavia-master
2025-08-13 10:14:48,631 - Knowledge - INFO - worker kw17 pull /app/data/b2c/156786/b6407y0/accountill-156786/client/src/components/Password/Forgot.js from ingest queue
2025-08-13 10:14:48,631 - Knowledge - INFO - worker kw25 pull /app/data/b2c/156786/b6407y0/accountill-156786/client/src/components/Password/Password.module.css from ingest queue
2025-08-13 10:14:48,631 - Knowledge - INFO - Found code-base-name: https://github.com/kavia-common/accountill-156786.git:kavia-master
2025-08-13 10:14:48,631 - Knowledge - INFO - Found code-base-name: https://github.com/kavia-common/accountill-156786.git:kavia-master
2025-08-13 10:14:48,632 - Knowledge - INFO - worker kw19 pull /app/data/b2c/156786/b6407y0/accountill-156786/client/src/components/Password/Reset.js from ingest queue
2025-08-13 10:14:48,632 - Knowledge - INFO - adding /app/data/b2c/156786/b6407y0/accountill-156786/client/src/components/Header/Header.module.css to ingest queue
2025-08-13 10:14:48,953 - Knowledge - INFO - process ingested knowledge for /app/data/b2c/156786/b6407y0/accountill-156786/client/src/components/InvoiceDetails/PaymentHistory.js
2025-08-13 10:14:49,005 - Knowledge - INFO - Found code_base: <app.utils.kg_build.knowledge.KnowledgeCodeBase object at 0x7fee6a422810>
2025-08-13 10:14:49,100 - Knowledge - INFO - Found code_base: <app.utils.kg_build.knowledge.KnowledgeCodeBase object at 0x7fee6a422810>
2025-08-13 10:14:49,254 - Knowledge - INFO - process ingested knowledge for /app/data/b2c/156786/b6407y0/accountill-156786/client/src/components/Password/Forgot.js
2025-08-13 10:14:49,348 - Knowledge - INFO - process ingested knowledge for /app/data/b2c/156786/b6407y0/accountill-156786/client/src/components/Password/Password.module.css
2025-08-13 10:14:49,412 - Knowledge - INFO - Found code_base: <app.utils.kg_build.knowledge.KnowledgeCodeBase object at 0x7fee6a422810>
2025-08-13 10:14:49,526 - Knowledge - INFO - Found code_base: <app.utils.kg_build.knowledge.KnowledgeCodeBase object at 0x7fee6a422810>
2025-08-13 10:14:49,678 - Knowledge - INFO - process ingested knowledge for /app/data/b2c/156786/b6407y0/accountill-156786/client/src/components/Password/Reset.js
2025-08-13 10:14:49,728 - Knowledge - INFO - Found code-base-name: https://github.com/kavia-common/accountill-156786.git:kavia-master
2025-08-13 10:14:50,590 - Knowledge - INFO - Found code_base: <app.utils.kg_build.knowledge.KnowledgeCodeBase object at 0x7fee6a422810>
2025-08-13 10:14:49,900 - Knowledge - INFO - persist ingested knowledge for /app/data/b2c/156786/b6407y0/accountill-156786/client/src/components/Invoice/Invoice.module.css
2025-08-13 10:14:49,978 - Knowledge - INFO - persist ingested knowledge for /app/data/b2c/156786/b6407y0/accountill-156786/client/src/components/Invoice/SelectType.js
2025-08-13 10:14:50,271 - Knowledge - INFO - persist ingested knowledge for /app/data/b2c/156786/b6407y0/accountill-156786/client/src/components/Invoice/InvoiceType.js
2025-08-13 10:14:50,386 - Knowledge - INFO - persist ingested knowledge for /app/data/b2c/156786/b6407y0/accountill-156786/client/src/components/Invoice/AddClient.js
2025-08-13 10:14:49,728 - Knowledge - INFO - adding /app/data/b2c/156786/b6407y0/accountill-156786/client/src/components/Payments/DatePicker.js to ingest queue
2025-08-13 10:14:50,694 - Knowledge - INFO - persist ingested knowledge for /app/data/b2c/156786/b6407y0/accountill-156786/client/src/components/Login/Login.js
2025-08-13 10:14:51,242 - Knowledge - INFO - Found code-base-name: https://github.com/kavia-common/accountill-156786.git:kavia-master
2025-08-13 10:14:51,242 - Knowledge - INFO - worker kw14 pull /app/data/b2c/156786/b6407y0/accountill-156786/client/src/components/Password/styles.js from ingest queue
2025-08-13 10:14:51,242 - Knowledge - INFO - worker kw13 pull /app/data/b2c/156786/b6407y0/accountill-156786/client/src/components/Icons.js from ingest queue
2025-08-13 10:14:51,243 - Knowledge - INFO - worker kw23 pull /app/data/b2c/156786/b6407y0/accountill-156786/client/src/components/Footer/Footer.module.css from ingest queue
2025-08-13 10:14:51,243 - Knowledge - INFO - Found code-base-name: https://github.com/kavia-common/accountill-156786.git:kavia-master
2025-08-13 10:14:51,364 - Knowledge - INFO - Found code_base: <app.utils.kg_build.knowledge.KnowledgeCodeBase object at 0x7fee6a422810>
2025-08-13 10:14:51,556 - Knowledge - INFO - process ingested knowledge for /app/data/b2c/156786/b6407y0/accountill-156786/client/src/components/Password/styles.js
2025-08-13 10:14:51,647 - Knowledge - INFO - adding /app/data/b2c/156786/b6407y0/accountill-156786/client/src/components/Login/Google.js to ingest queue
2025-08-13 10:14:51,670 - Knowledge - INFO - process ingested knowledge for /app/data/b2c/156786/b6407y0/accountill-156786/client/src/components/Icons.js
2025-08-13 10:14:51,716 - Knowledge - INFO - process ingested knowledge for /app/data/b2c/156786/b6407y0/accountill-156786/client/src/components/Footer/Footer.module.css
2025-08-13 10:14:51,785 - Knowledge - INFO - Found code_base: <app.utils.kg_build.knowledge.KnowledgeCodeBase object at 0x7fee6a422810>
2025-08-13 10:14:52,431 - Knowledge - INFO - persist ingested knowledge for /app/data/b2c/156786/b6407y0/accountill-156786/client/src/components/InvoiceDetails/InvoiceDetails.js
2025-08-13 10:14:52,172 - Knowledge - INFO - worker kw9 pull /app/data/b2c/156786/b6407y0/accountill-156786/client/src/components/Footer/Footer.js from ingest queue
2025-08-13 10:14:52,173 - Knowledge - INFO - Found code-base-name: https://github.com/kavia-common/accountill-156786.git:kavia-master
2025-08-13 10:14:52,173 - Knowledge - INFO - Found code-base-name: https://github.com/kavia-common/accountill-156786.git:kavia-master
2025-08-13 10:14:52,173 - Knowledge - INFO - Found code-base-name: https://github.com/kavia-common/accountill-156786.git:kavia-master
2025-08-13 10:14:52,418 - Knowledge - INFO - adding /app/data/b2c/156786/b6407y0/accountill-156786/client/src/components/Invoice/AddClient.js to ingest queue
2025-08-13 10:14:51,875 - Knowledge - INFO - persist ingested knowledge for /app/data/b2c/156786/b6407y0/accountill-156786/client/src/components/InvoiceDetails/InvoiceDetails.module.css
2025-08-13 10:14:52,678 - Knowledge - INFO - process ingested knowledge for /app/data/b2c/156786/b6407y0/accountill-156786/client/src/components/Footer/Footer.js
2025-08-13 10:14:52,735 - Knowledge - INFO - Found code_base: <app.utils.kg_build.knowledge.KnowledgeCodeBase object at 0x7fee6a422810>
2025-08-13 10:14:52,815 - Knowledge - INFO - Found code_base: <app.utils.kg_build.knowledge.KnowledgeCodeBase object at 0x7fee6a422810>
2025-08-13 10:14:52,896 - Knowledge - INFO - Found code_base: <app.utils.kg_build.knowledge.KnowledgeCodeBase object at 0x7fee6a422810>
2025-08-13 10:14:52,993 - Knowledge - INFO - adding /app/data/b2c/156786/b6407y0/accountill-156786/client/src/components/Login/styles.js to ingest queue
2025-08-13 10:14:53,269 - Knowledge - INFO - persist ingested knowledge for /app/data/b2c/156786/b6407y0/accountill-156786/client/src/components/Password/Forgot.js
2025-08-13 10:14:53,352 - Knowledge - INFO - persist ingested knowledge for /app/data/b2c/156786/b6407y0/accountill-156786/client/src/components/Password/Password.module.css
2025-08-13 10:14:53,468 - Knowledge - INFO - persist ingested knowledge for /app/data/b2c/156786/b6407y0/accountill-156786/client/src/components/Password/Reset.js
2025-08-13 10:14:53,714 - Knowledge - INFO - adding /app/data/b2c/156786/b6407y0/accountill-156786/client/src/components/Login/Login.module.css to ingest queue
2025-08-13 10:14:54,003 - Knowledge - INFO - adding /app/data/b2c/156786/b6407y0/accountill-156786/client/src/components/Header/Header.js to ingest queue
2025-08-13 10:14:54,127 - Knowledge - INFO - adding /app/data/b2c/156786/b6407y0/accountill-156786/client/src/components/Login/Icon.js to ingest queue
2025-08-13 10:14:54,242 - Knowledge - INFO - adding /app/data/b2c/156786/b6407y0/accountill-156786/client/src/components/Login/Field.js to ingest queue
2025-08-13 10:14:54,432 - Knowledge - INFO - Found code-base-name: https://github.com/kavia-common/accountill-156786.git:kavia-master
2025-08-13 10:14:54,433 - Knowledge - INFO - Found code-base-name: https://github.com/kavia-common/accountill-156786.git:kavia-master
2025-08-13 10:14:54,433 - Knowledge - INFO - adding /app/data/b2c/156786/b6407y0/accountill-156786/client/src/components/Home/Home.js to ingest queue
2025-08-13 10:14:54,536 - Knowledge - INFO - Found code_base: <app.utils.kg_build.knowledge.KnowledgeCodeBase object at 0x7fee6a422810>
2025-08-13 10:14:54,639 - Knowledge - INFO - Found code_base: <app.utils.kg_build.knowledge.KnowledgeCodeBase object at 0x7fee6a422810>
2025-08-13 10:14:54,760 - Knowledge - INFO - adding /app/data/b2c/156786/b6407y0/accountill-156786/client/src/components/Invoice/Invoice.module.css to ingest queue
2025-08-13 10:14:54,878 - Knowledge - INFO - persist ingested knowledge for /app/data/b2c/156786/b6407y0/accountill-156786/client/src/components/Password/styles.js
2025-08-13 10:14:54,998 - Knowledge - INFO - persist ingested knowledge for /app/data/b2c/156786/b6407y0/accountill-156786/client/src/components/InvoiceDetails/PaymentHistory.js
2025-08-13 10:14:55,119 - Knowledge - INFO - Found code-base-name: https://github.com/kavia-common/accountill-156786.git:kavia-master
2025-08-13 10:14:55,119 - Knowledge - INFO - adding /app/data/b2c/156786/b6407y0/accountill-156786/client/src/components/Invoice/SelectType.js to ingest queue
2025-08-13 10:14:55,393 - Knowledge - INFO - Found code_base: <app.utils.kg_build.knowledge.KnowledgeCodeBase object at 0x7fee6a422810>
2025-08-13 10:14:55,503 - Knowledge - INFO - Found code-base-name: https://github.com/kavia-common/accountill-156786.git:kavia-master
2025-08-13 10:14:55,504 - Knowledge - INFO - adding /app/data/b2c/156786/b6407y0/accountill-156786/client/src/components/Invoice/InvoiceType.js to ingest queue
2025-08-13 10:14:55,604 - Knowledge - INFO - persist ingested knowledge for /app/data/b2c/156786/b6407y0/accountill-156786/client/src/components/Icons.js
2025-08-13 10:14:55,680 - Knowledge - INFO - Found code_base: <app.utils.kg_build.knowledge.KnowledgeCodeBase object at 0x7fee6a422810>
2025-08-13 10:14:55,783 - Knowledge - INFO - worker kw16 pull /app/data/b2c/156786/b6407y0/accountill-156786/client/src/components/Spinner/Spinner.module.css from ingest queue
2025-08-13 10:14:55,785 - Knowledge - INFO - worker kw4 pull /app/data/b2c/156786/b6407y0/accountill-156786/client/src/components/Spinner/Spinner.js from ingest queue
2025-08-13 10:14:55,861 - Knowledge - INFO - worker kw2 pull /app/data/b2c/156786/b6407y0/accountill-156786/client/src/initialState.js from ingest queue
2025-08-13 10:14:55,930 - Knowledge - INFO - adding /app/data/b2c/156786/b6407y0/accountill-156786/client/src/components/Password/Forgot.js to ingest queue
2025-08-13 10:14:56,003 - Knowledge - INFO - persist ingested knowledge for /app/data/b2c/156786/b6407y0/accountill-156786/client/src/components/Footer/Footer.module.css
2025-08-13 10:14:56,152 - Knowledge - INFO - process ingested knowledge for /app/data/b2c/156786/b6407y0/accountill-156786/client/src/components/Spinner/Spinner.module.css
2025-08-13 10:14:56,269 - Knowledge - INFO - process ingested knowledge for /app/data/b2c/156786/b6407y0/accountill-156786/client/src/components/Spinner/Spinner.js
2025-08-13 10:14:56,399 - Knowledge - INFO - process ingested knowledge for /app/data/b2c/156786/b6407y0/accountill-156786/client/src/initialState.js
2025-08-13 10:14:56,610 - Knowledge - INFO - adding /app/data/b2c/156786/b6407y0/accountill-156786/client/src/components/Password/Reset.js to ingest queue
2025-08-13 10:14:56,943 - Knowledge - INFO - worker kw7 pull /app/data/b2c/156786/b6407y0/accountill-156786/client/src/utils/utils.js from ingest queue
2025-08-13 10:14:56,943 - Knowledge - INFO - worker kw5 pull /app/data/b2c/156786/b6407y0/accountill-156786/client/src/actions/constants.js from ingest queue
2025-08-13 10:14:56,944 - Knowledge - INFO - adding /app/data/b2c/156786/b6407y0/accountill-156786/client/src/components/Invoice/Invoice.js to ingest queue
2025-08-13 10:14:57,115 - Knowledge - INFO - process ingested knowledge for /app/data/b2c/156786/b6407y0/accountill-156786/client/src/utils/utils.js
2025-08-13 10:14:57,200 - Knowledge - INFO - process ingested knowledge for /app/data/b2c/156786/b6407y0/accountill-156786/client/src/actions/constants.js
2025-08-13 10:14:57,273 - Knowledge - INFO - worker kw1 pull /app/data/b2c/156786/b6407y0/accountill-156786/client/src/actions/profile.js from ingest queue
2025-08-13 10:14:57,274 - Knowledge - INFO - worker kw3 pull /app/data/b2c/156786/b6407y0/accountill-156786/client/src/actions/invoiceActions.js from ingest queue
2025-08-13 10:14:57,274 - Knowledge - INFO - worker kw20 pull /app/data/b2c/156786/b6407y0/accountill-156786/client/src/actions/auth.js from ingest queue
2025-08-13 10:14:57,353 - Knowledge - INFO - worker kw6 pull /app/data/b2c/156786/b6407y0/accountill-156786/client/src/actions/clientActions.js from ingest queue
2025-08-13 10:14:57,353 - Knowledge - INFO - adding /app/data/b2c/156786/b6407y0/accountill-156786/client/src/components/InvoiceDetails/InvoiceDetails.module.css to ingest queue
2025-08-13 10:14:57,636 - Knowledge - INFO - process ingested knowledge for /app/data/b2c/156786/b6407y0/accountill-156786/client/src/actions/profile.js
2025-08-13 10:14:57,761 - Knowledge - INFO - process ingested knowledge for /app/data/b2c/156786/b6407y0/accountill-156786/client/src/actions/invoiceActions.js
2025-08-13 10:14:57,870 - Knowledge - INFO - process ingested knowledge for /app/data/b2c/156786/b6407y0/accountill-156786/client/src/actions/auth.js
2025-08-13 10:14:57,984 - Knowledge - INFO - process ingested knowledge for /app/data/b2c/156786/b6407y0/accountill-156786/client/src/actions/clientActions.js
2025-08-13 10:14:58,011 - Knowledge - INFO - worker kw8 pull /app/data/b2c/156786/b6407y0/accountill-156786/client/src/reducers/auth.js from ingest queue
2025-08-13 10:14:58,082 - Knowledge - INFO - adding /app/data/b2c/156786/b6407y0/accountill-156786/client/src/components/Password/Password.module.css to ingest queue
2025-08-13 10:14:58,535 - Knowledge - INFO - process ingested knowledge for /app/data/b2c/156786/b6407y0/accountill-156786/client/src/reducers/auth.js
2025-08-13 10:14:58,676 - Knowledge - INFO - Found code-base-name: https://github.com/kavia-common/accountill-156786.git:kavia-master
2025-08-13 10:14:58,676 - Knowledge - INFO - Found code-base-name: https://github.com/kavia-common/accountill-156786.git:kavia-master
2025-08-13 10:14:58,935 - Knowledge - INFO - Found code_base: <app.utils.kg_build.knowledge.KnowledgeCodeBase object at 0x7fee6a422810>
2025-08-13 10:14:59,055 - Knowledge - INFO - persist ingested knowledge for /app/data/b2c/156786/b6407y0/accountill-156786/client/src/components/Spinner/Spinner.js
2025-08-13 10:14:58,676 - Knowledge - INFO - worker kw19 pull /app/data/b2c/156786/b6407y0/accountill-156786/client/src/reducers/index.js from ingest queue
2025-08-13 10:14:58,676 - Knowledge - INFO - worker kw18 pull /app/data/b2c/156786/b6407y0/accountill-156786/client/src/reducers/invoices.js from ingest queue
2025-08-13 10:14:58,677 - Knowledge - INFO - worker kw24 pull /app/data/b2c/156786/b6407y0/accountill-156786/client/src/reducers/profiles.js from ingest queue
2025-08-13 10:14:58,677 - Knowledge - INFO - Found code-base-name: https://github.com/kavia-common/accountill-156786.git:kavia-master
2025-08-13 10:14:58,677 - Knowledge - INFO - adding /app/data/b2c/156786/b6407y0/accountill-156786/client/src/components/Home/Home.module.css to ingest queue
2025-08-13 10:14:58,847 - Knowledge - INFO - Found code_base: <app.utils.kg_build.knowledge.KnowledgeCodeBase object at 0x7fee6a422810>
2025-08-13 10:14:58,676 - Knowledge - INFO - Found code-base-name: https://github.com/kavia-common/accountill-156786.git:kavia-master
2025-08-13 10:14:58,676 - Knowledge - INFO - worker kw11 pull /app/data/b2c/156786/b6407y0/accountill-156786/client/src/reducers/clients.js from ingest queue
2025-08-13 10:14:59,275 - Knowledge - INFO - process ingested knowledge for /app/data/b2c/156786/b6407y0/accountill-156786/client/src/reducers/index.js
2025-08-13 10:14:59,408 - Knowledge - INFO - process ingested knowledge for /app/data/b2c/156786/b6407y0/accountill-156786/client/src/reducers/invoices.js
2025-08-13 10:14:59,491 - Knowledge - INFO - process ingested knowledge for /app/data/b2c/156786/b6407y0/accountill-156786/client/src/reducers/profiles.js
2025-08-13 10:14:59,583 - Knowledge - INFO - Found code_base: <app.utils.kg_build.knowledge.KnowledgeCodeBase object at 0x7fee6a422810>
2025-08-13 10:14:59,676 - Knowledge - INFO - worker kw22 pull /app/data/b2c/156786/b6407y0/accountill-156786/client/src/index.js from ingest queue
2025-08-13 10:14:59,676 - Knowledge - INFO - Found code-base-name: https://github.com/kavia-common/accountill-156786.git:kavia-master
2025-08-13 10:14:59,678 - Knowledge - INFO - adding /app/data/b2c/156786/b6407y0/accountill-156786/client/src/components/Login/Login.js to ingest queue
2025-08-13 10:14:59,762 - Knowledge - INFO - persist ingested knowledge for /app/data/b2c/156786/b6407y0/accountill-156786/client/src/components/Spinner/Spinner.module.css
2025-08-13 10:14:59,847 - Knowledge - INFO - Found code_base: <app.utils.kg_build.knowledge.KnowledgeCodeBase object at 0x7fee6a422810>
2025-08-13 10:14:59,972 - Knowledge - INFO - process ingested knowledge for /app/data/b2c/156786/b6407y0/accountill-156786/client/src/reducers/clients.js
2025-08-13 10:15:00,376 - Knowledge - INFO - persist ingested knowledge for /app/data/b2c/156786/b6407y0/accountill-156786/client/src/components/Footer/Footer.js
2025-08-13 10:15:00,494 - Knowledge - INFO - process ingested knowledge for /app/data/b2c/156786/b6407y0/accountill-156786/client/src/index.js
2025-08-13 10:15:00,583 - Knowledge - INFO - Found code_base: <app.utils.kg_build.knowledge.KnowledgeCodeBase object at 0x7fee6a422810>
2025-08-13 10:15:00,704 - Knowledge - INFO - adding /app/data/b2c/156786/b6407y0/accountill-156786/client/src/components/Icons.js to ingest queue
2025-08-13 10:15:00,866 - Knowledge - INFO - persist ingested knowledge for /app/data/b2c/156786/b6407y0/accountill-156786/client/src/initialState.js
2025-08-13 10:15:01,250 - Knowledge - INFO - persist ingested knowledge for /app/data/b2c/156786/b6407y0/accountill-156786/client/src/utils/utils.js
2025-08-13 10:15:01,408 - Knowledge - INFO - Found code-base-name: https://github.com/kavia-common/accountill-156786.git:kavia-master
2025-08-13 10:15:01,722 - Knowledge - INFO - Found code_base: <app.utils.kg_build.knowledge.KnowledgeCodeBase object at 0x7fee6a422810>
2025-08-13 10:15:01,409 - Knowledge - INFO - Found code-base-name: https://github.com/kavia-common/accountill-156786.git:kavia-master
2025-08-13 10:15:01,410 - Knowledge - INFO - Found code-base-name: https://github.com/kavia-common/accountill-156786.git:kavia-master
2025-08-13 10:15:01,410 - Knowledge - INFO - worker kw21 pull /app/data/b2c/156786/b6407y0/accountill-156786/client/src/currencies.json from ingest queue
2025-08-13 10:15:01,410 - Knowledge - INFO - adding /app/data/b2c/156786/b6407y0/accountill-156786/client/src/components/Footer/Footer.module.css to ingest queue
2025-08-13 10:15:01,408 - Knowledge - INFO - Found code-base-name: https://github.com/kavia-common/accountill-156786.git:kavia-master
2025-08-13 10:15:02,375 - Knowledge - INFO - Found code_base: <app.utils.kg_build.knowledge.KnowledgeCodeBase object at 0x7fee6a422810>
2025-08-13 10:15:02,456 - Knowledge - INFO - persist ingested knowledge for /app/data/b2c/156786/b6407y0/accountill-156786/client/src/actions/invoiceActions.js
2025-08-13 10:15:02,059 - Knowledge - INFO - Found code_base: <app.utils.kg_build.knowledge.KnowledgeCodeBase object at 0x7fee6a422810>
2025-08-13 10:15:02,347 - Knowledge - INFO - process ingested knowledge for /app/data/b2c/156786/b6407y0/accountill-156786/client/src/currencies.json
2025-08-13 10:15:01,840 - Knowledge - INFO - persist ingested knowledge for /app/data/b2c/156786/b6407y0/accountill-156786/client/src/actions/profile.js
2025-08-13 10:15:01,944 - Knowledge - INFO - Found code_base: <app.utils.kg_build.knowledge.KnowledgeCodeBase object at 0x7fee6a422810>
2025-08-13 10:15:02,926 - Knowledge - INFO - persist ingested knowledge for /app/data/b2c/156786/b6407y0/accountill-156786/client/src/actions/auth.js
2025-08-13 10:15:02,630 - Knowledge - INFO - persist ingested knowledge for /app/data/b2c/156786/b6407y0/accountill-156786/client/src/actions/clientActions.js
2025-08-13 10:15:02,535 - Knowledge - INFO - adding /app/data/b2c/156786/b6407y0/accountill-156786/client/src/components/InvoiceDetails/InvoiceDetails.js to ingest queue
2025-08-13 10:15:03,224 - Knowledge - INFO - Found code-base-name: https://github.com/kavia-common/accountill-156786.git:kavia-master
2025-08-13 10:15:03,341 - Knowledge - INFO - Found code_base: <app.utils.kg_build.knowledge.KnowledgeCodeBase object at 0x7fee6a422810>
2025-08-13 10:15:03,387 - Knowledge - INFO - worker kw17 pull /app/data/b2c/156786/b6407y0/accountill-156786/client/src/index.css from ingest queue
2025-08-13 10:15:03,387 - Knowledge - INFO - Found code-base-name: https://github.com/kavia-common/accountill-156786.git:kavia-master
2025-08-13 10:15:03,387 - Knowledge - INFO - Found code-base-name: https://github.com/kavia-common/accountill-156786.git:kavia-master
2025-08-13 10:15:03,387 - Knowledge - INFO - Found code-base-name: https://github.com/kavia-common/accountill-156786.git:kavia-master
2025-08-13 10:15:03,388 - Knowledge - INFO - worker kw10 pull /app/data/b2c/156786/b6407y0/accountill-156786/client/package.json from ingest queue
2025-08-13 10:15:03,440 - Knowledge - INFO - persist ingested knowledge for /app/data/b2c/156786/b6407y0/accountill-156786/client/src/reducers/auth.js
2025-08-13 10:15:03,457 - Knowledge - INFO - adding /app/data/b2c/156786/b6407y0/accountill-156786/client/src/components/Spinner/Spinner.module.css to ingest queue
2025-08-13 10:15:03,598 - Knowledge - INFO - process ingested knowledge for /app/data/b2c/156786/b6407y0/accountill-156786/client/src/index.css
2025-08-13 10:15:03,646 - Knowledge - INFO - Found code_base: <app.utils.kg_build.knowledge.KnowledgeCodeBase object at 0x7fee6a422810>
2025-08-13 10:15:03,733 - Knowledge - INFO - Found code_base: <app.utils.kg_build.knowledge.KnowledgeCodeBase object at 0x7fee6a422810>
2025-08-13 10:15:03,838 - Knowledge - INFO - Found code_base: <app.utils.kg_build.knowledge.KnowledgeCodeBase object at 0x7fee6a422810>
2025-08-13 10:15:04,007 - Knowledge - INFO - process ingested knowledge for /app/data/b2c/156786/b6407y0/accountill-156786/client/package.json
2025-08-13 10:15:04,148 - Knowledge - INFO - Found code-base-name: https://github.com/kavia-common/accountill-156786.git:kavia-master
2025-08-13 10:15:04,712 - Knowledge - INFO - Found code_base: <app.utils.kg_build.knowledge.KnowledgeCodeBase object at 0x7fee6a422810>
2025-08-13 10:15:04,154 - Knowledge - INFO - worker kw25 pull /app/data/b2c/156786/b6407y0/accountill-156786/client/public/robots.txt from ingest queue
2025-08-13 10:15:04,248 - Knowledge - INFO - worker kw23 pull /app/data/b2c/156786/b6407y0/accountill-156786/client/public/manifest.json from ingest queue
2025-08-13 10:15:04,248 - Knowledge - INFO - adding /app/data/b2c/156786/b6407y0/accountill-156786/client/src/components/Password/styles.js to ingest queue
2025-08-13 10:15:05,181 - Knowledge - INFO - worker kw14 pull /app/data/b2c/156786/b6407y0/accountill-156786/LICENSE.md from ingest queue
2025-08-13 10:15:04,429 - Knowledge - INFO - persist ingested knowledge for /app/data/b2c/156786/b6407y0/accountill-156786/client/src/actions/constants.js
2025-08-13 10:15:04,533 - Knowledge - INFO - persist ingested knowledge for /app/data/b2c/156786/b6407y0/accountill-156786/client/src/reducers/profiles.js
2025-08-13 10:15:04,150 - Knowledge - INFO - worker kw13 pull /app/data/b2c/156786/b6407y0/accountill-156786/client/public/index.html from ingest queue
2025-08-13 10:15:04,847 - Knowledge - INFO - persist ingested knowledge for /app/data/b2c/156786/b6407y0/accountill-156786/client/src/index.js
2025-08-13 10:15:04,983 - Knowledge - INFO - process ingested knowledge for /app/data/b2c/156786/b6407y0/accountill-156786/client/public/robots.txt
2025-08-13 10:15:05,116 - Knowledge - INFO - process ingested knowledge for /app/data/b2c/156786/b6407y0/accountill-156786/client/public/manifest.json
2025-08-13 10:15:04,332 - Knowledge - INFO - persist ingested knowledge for /app/data/b2c/156786/b6407y0/accountill-156786/client/src/reducers/index.js
2025-08-13 10:15:05,280 - Knowledge - INFO - Thread kw14 - File LICENSE.md - Remaining files in queue: 75
2025-08-13 10:15:05,377 - Knowledge - INFO - adding /app/data/b2c/156786/b6407y0/accountill-156786/client/src/actions/clientActions.js to ingest queue
2025-08-13 10:15:05,652 - Knowledge - INFO - process ingested knowledge for /app/data/b2c/156786/b6407y0/accountill-156786/client/public/index.html
2025-08-13 10:15:06,190 - Knowledge - INFO - start ingest for /app/data/b2c/156786/b6407y0/accountill-156786/LICENSE.md
2025-08-13 10:15:06,302 - Knowledge - INFO - worker kw6 pull /app/data/b2c/156786/b6407y0/accountill-156786/docker-compose.prod.yml from ingest queue
2025-08-13 10:15:06,303 - Knowledge - INFO - Found code-base-name: https://github.com/kavia-common/accountill-156786.git:kavia-master
2025-08-13 10:15:06,303 - Knowledge - INFO - Found code-base-name: https://github.com/kavia-common/accountill-156786.git:kavia-master
2025-08-13 10:15:06,462 - Knowledge - INFO - worker kw16 pull /app/data/b2c/156786/b6407y0/accountill-156786/README.md from ingest queue
2025-08-13 10:15:06,462 - Knowledge - INFO - adding /app/data/b2c/156786/b6407y0/accountill-156786/client/src/components/InvoiceDetails/PaymentHistory.js to ingest queue
2025-08-13 10:15:07,069 - Knowledge - INFO - Found code-base-name: https://github.com/kavia-common/accountill-156786.git:kavia-master
2025-08-13 10:15:06,659 - Knowledge - INFO - Thread kw6 - File docker-compose.prod.yml - Remaining files in queue: 74
2025-08-13 10:15:07,242 - Knowledge - INFO - start ingest for /app/data/b2c/156786/b6407y0/accountill-156786/docker-compose.prod.yml
2025-08-13 10:15:06,841 - Knowledge - INFO - Found code_base: <app.utils.kg_build.knowledge.KnowledgeCodeBase object at 0x7fee6a422810>
2025-08-13 10:15:06,955 - Knowledge - INFO - Thread kw16 - File README.md - Remaining files in queue: 74
2025-08-13 10:15:07,069 - Knowledge - INFO - Found code-base-name: https://github.com/kavia-common/accountill-156786.git:kavia-master
2025-08-13 10:15:06,544 - Knowledge - INFO - Fast-track processing for simple file: /app/data/b2c/156786/b6407y0/accountill-156786/LICENSE.md
2025-08-13 10:15:07,131 - Knowledge - INFO - Found code-base-name: https://github.com/kavia-common/accountill-156786.git:kavia-master
2025-08-13 10:15:07,131 - Knowledge - INFO - adding /app/data/b2c/156786/b6407y0/accountill-156786/client/src/actions/profile.js to ingest queue
2025-08-13 10:15:07,165 - Knowledge - INFO - Found code_base: <app.utils.kg_build.knowledge.KnowledgeCodeBase object at 0x7fee6a422810>
2025-08-13 10:15:06,746 - Knowledge - INFO - Found code_base: <app.utils.kg_build.knowledge.KnowledgeCodeBase object at 0x7fee6a422810>
2025-08-13 10:15:07,372 - Knowledge - INFO - Fast-track processing for simple file: /app/data/b2c/156786/b6407y0/accountill-156786/docker-compose.prod.yml
2025-08-13 10:15:07,459 - Knowledge - INFO - persist ingested knowledge for /app/data/b2c/156786/b6407y0/accountill-156786/client/src/reducers/invoices.js
2025-08-13 10:15:07,549 - Knowledge - INFO - start ingest for /app/data/b2c/156786/b6407y0/accountill-156786/README.md
2025-08-13 10:15:07,634 - Knowledge - INFO - Found code_base: <app.utils.kg_build.knowledge.KnowledgeCodeBase object at 0x7fee6a422810>
2025-08-13 10:15:08,481 - Knowledge - INFO - persist ingested knowledge for /app/data/b2c/156786/b6407y0/accountill-156786/client/package.json
2025-08-13 10:15:07,828 - Knowledge - INFO - Found code_base: <app.utils.kg_build.knowledge.KnowledgeCodeBase object at 0x7fee6a422810>
2025-08-13 10:15:07,934 - Knowledge - INFO - adding /app/data/b2c/156786/b6407y0/accountill-156786/client/src/actions/auth.js to ingest queue
2025-08-13 10:15:08,034 - Knowledge - INFO - persist ingested knowledge for /app/data/b2c/156786/b6407y0/accountill-156786/client/src/index.css
2025-08-13 10:15:08,116 - Knowledge - INFO - persist ingested knowledge for /app/data/b2c/156786/b6407y0/accountill-156786/client/src/reducers/clients.js
2025-08-13 10:15:08,220 - Knowledge - INFO - done fast ingest for /app/data/b2c/156786/b6407y0/accountill-156786/docker-compose.prod.yml
2025-08-13 10:15:08,400 - Knowledge - INFO - Fast-track processing for simple file: /app/data/b2c/156786/b6407y0/accountill-156786/README.md
2025-08-13 10:15:07,742 - Knowledge - INFO - done fast ingest for /app/data/b2c/156786/b6407y0/accountill-156786/LICENSE.md
2025-08-13 10:15:08,677 - Knowledge - INFO - persist ingested knowledge for /app/data/b2c/156786/b6407y0/accountill-156786/client/src/currencies.json
2025-08-13 10:15:08,757 - Knowledge - INFO - worker kw15 pull /app/data/b2c/156786/b6407y0/accountill-156786/server/models/InvoiceModel.js from ingest queue
2025-08-13 10:15:08,826 - Knowledge - INFO - adding /app/data/b2c/156786/b6407y0/accountill-156786/client/src/actions/constants.js to ingest queue
2025-08-13 10:15:09,105 - Knowledge - INFO - process ingested knowledge for /app/data/b2c/156786/b6407y0/accountill-156786/docker-compose.prod.yml
2025-08-13 10:15:09,182 - Knowledge - INFO - done fast ingest for /app/data/b2c/156786/b6407y0/accountill-156786/README.md
2025-08-13 10:15:09,301 - Knowledge - INFO - process ingested knowledge for /app/data/b2c/156786/b6407y0/accountill-156786/LICENSE.md
2025-08-13 10:15:09,530 - Knowledge - INFO - Thread kw15 - File InvoiceModel.js - Remaining files in queue: 76
2025-08-13 10:15:09,656 - Knowledge - INFO - Found code-base-name: https://github.com/kavia-common/accountill-156786.git:kavia-master
2025-08-13 10:15:09,658 - Knowledge - INFO - Found code-base-name: https://github.com/kavia-common/accountill-156786.git:kavia-master
2025-08-13 10:15:09,725 - Knowledge - INFO - adding /app/data/b2c/156786/b6407y0/accountill-156786/client/src/reducers/index.js to ingest queue
2025-08-13 10:15:09,903 - Knowledge - INFO - process ingested knowledge for /app/data/b2c/156786/b6407y0/accountill-156786/README.md
2025-08-13 10:15:10,065 - Knowledge - INFO - start ingest for /app/data/b2c/156786/b6407y0/accountill-156786/server/models/InvoiceModel.js
2025-08-13 10:15:10,205 - Knowledge - INFO - Found code_base: <app.utils.kg_build.knowledge.KnowledgeCodeBase object at 0x7fee6a422810>
2025-08-13 10:15:10,319 - Knowledge - INFO - Found code_base: <app.utils.kg_build.knowledge.KnowledgeCodeBase object at 0x7fee6a422810>
2025-08-13 10:15:10,520 - Knowledge - INFO - adding /app/data/b2c/156786/b6407y0/accountill-156786/client/src/reducers/auth.js to ingest queue
2025-08-13 10:15:10,738 - Knowledge - INFO - persist ingested knowledge for /app/data/b2c/156786/b6407y0/accountill-156786/client/public/robots.txt
2025-08-13 10:15:10,819 - Knowledge - INFO - persist ingested knowledge for /app/data/b2c/156786/b6407y0/accountill-156786/client/public/manifest.json
2025-08-13 10:15:10,929 - Knowledge - INFO - Found code-base-name: https://github.com/kavia-common/accountill-156786.git:kavia-master
2025-08-13 10:15:10,931 - Knowledge - INFO - adding /app/data/b2c/156786/b6407y0/accountill-156786/client/src/utils/utils.js to ingest queue
2025-08-13 10:15:11,241 - Knowledge - INFO - Found code_base: <app.utils.kg_build.knowledge.KnowledgeCodeBase object at 0x7fee6a422810>
2025-08-13 10:15:11,351 - Knowledge - INFO - adding /app/data/b2c/156786/b6407y0/accountill-156786/client/src/initialState.js to ingest queue
2025-08-13 10:15:11,461 - Knowledge - INFO - persist ingested knowledge for /app/data/b2c/156786/b6407y0/accountill-156786/client/public/index.html
2025-08-13 10:15:11,556 - Knowledge - INFO - adding /app/data/b2c/156786/b6407y0/accountill-156786/client/src/actions/invoiceActions.js to ingest queue
2025-08-13 10:15:11,777 - Knowledge - INFO - worker kw1 pull /app/data/b2c/156786/b6407y0/accountill-156786/server/models/ProfileModel.js from ingest queue
2025-08-13 10:15:12,027 - Knowledge - INFO - Thread kw1 - File ProfileModel.js - Remaining files in queue: 81
2025-08-13 10:15:12,101 - Knowledge - INFO - adding /app/data/b2c/156786/b6407y0/accountill-156786/client/src/reducers/invoices.js to ingest queue
2025-08-13 10:15:12,130 - Knowledge - INFO - start ingest for /app/data/b2c/156786/b6407y0/accountill-156786/server/models/ProfileModel.js
2025-08-13 10:15:12,318 - Knowledge - INFO - Fast-track processing for simple file: /app/data/b2c/156786/b6407y0/accountill-156786/server/models/ProfileModel.js
2025-08-13 10:15:12,395 - Knowledge - INFO - done fast ingest for /app/data/b2c/156786/b6407y0/accountill-156786/server/models/ProfileModel.js
2025-08-13 10:15:12,482 - Knowledge - INFO - process ingested knowledge for /app/data/b2c/156786/b6407y0/accountill-156786/server/models/ProfileModel.js
2025-08-13 10:15:12,535 - Knowledge - INFO - worker kw5 pull /app/data/b2c/156786/b6407y0/accountill-156786/server/models/ClientModel.js from ingest queue
2025-08-13 10:15:12,535 - Knowledge - INFO - Found code-base-name: https://github.com/kavia-common/accountill-156786.git:kavia-master
2025-08-13 10:15:12,759 - Knowledge - INFO - Found code_base: <app.utils.kg_build.knowledge.KnowledgeCodeBase object at 0x7fee6a422810>
2025-08-13 10:15:12,844 - Knowledge - INFO - persist ingested knowledge for /app/data/b2c/156786/b6407y0/accountill-156786/docker-compose.prod.yml
2025-08-13 10:15:12,537 - Knowledge - INFO - adding /app/data/b2c/156786/b6407y0/accountill-156786/client/src/components/Footer/Footer.js to ingest queue
2025-08-13 10:15:12,663 - Knowledge - INFO - Thread kw5 - File ClientModel.js - Remaining files in queue: 80
2025-08-13 10:15:12,536 - Knowledge - INFO - Found code-base-name: https://github.com/kavia-common/accountill-156786.git:kavia-master
2025-08-13 10:15:12,536 - Knowledge - INFO - worker kw19 pull /app/data/b2c/156786/b6407y0/accountill-156786/server/documents/index.js from ingest queue
2025-08-13 10:15:13,336 - Knowledge - INFO - Thread kw19 - File index.js - Remaining files in queue: 76
2025-08-13 10:15:13,113 - Knowledge - INFO - worker kw7 pull /app/data/b2c/156786/b6407y0/accountill-156786/server/documents/email.js from ingest queue
2025-08-13 10:15:13,113 - Knowledge - INFO - worker kw2 pull /app/data/b2c/156786/b6407y0/accountill-156786/server/documents/invoice.js from ingest queue
2025-08-13 10:15:13,120 - Knowledge - INFO - start ingest for /app/data/b2c/156786/b6407y0/accountill-156786/server/models/ClientModel.js
2025-08-13 10:15:13,182 - Knowledge - INFO - worker kw3 pull /app/data/b2c/156786/b6407y0/accountill-156786/server/routes/profile.js from ingest queue
2025-08-13 10:15:13,208 - Knowledge - INFO - Found code_base: <app.utils.kg_build.knowledge.KnowledgeCodeBase object at 0x7fee6a422810>
2025-08-13 10:15:13,935 - Knowledge - INFO - persist ingested knowledge for /app/data/b2c/156786/b6407y0/accountill-156786/LICENSE.md
2025-08-13 10:15:13,246 - Knowledge - INFO - adding /app/data/b2c/156786/b6407y0/accountill-156786/client/src/index.js to ingest queue
2025-08-13 10:15:13,035 - Knowledge - INFO - worker kw8 pull /app/data/b2c/156786/b6407y0/accountill-156786/server/package.json from ingest queue
2025-08-13 10:15:13,431 - Knowledge - INFO - start ingest for /app/data/b2c/156786/b6407y0/accountill-156786/server/documents/index.js
2025-08-13 10:15:13,517 - Knowledge - INFO - Thread kw7 - File email.js - Remaining files in queue: 76
2025-08-13 10:15:13,603 - Knowledge - INFO - Thread kw2 - File invoice.js - Remaining files in queue: 76
2025-08-13 10:15:13,737 - Knowledge - INFO - Fast-track processing for simple file: /app/data/b2c/156786/b6407y0/accountill-156786/server/models/ClientModel.js
2025-08-13 10:15:13,812 - Knowledge - INFO - Thread kw3 - File profile.js - Remaining files in queue: 76
2025-08-13 10:15:14,754 - Knowledge - INFO - start ingest for /app/data/b2c/156786/b6407y0/accountill-156786/server/routes/profile.js
2025-08-13 10:15:14,107 - Knowledge - INFO - adding /app/data/b2c/156786/b6407y0/accountill-156786/client/src/reducers/clients.js to ingest queue
2025-08-13 10:15:14,227 - Knowledge - INFO - Thread kw8 - File package.json - Remaining files in queue: 77
2025-08-13 10:15:14,409 - Knowledge - INFO - start ingest for /app/data/b2c/156786/b6407y0/accountill-156786/server/documents/email.js
2025-08-13 10:15:14,534 - Knowledge - INFO - start ingest for /app/data/b2c/156786/b6407y0/accountill-156786/server/documents/invoice.js
2025-08-13 10:15:14,654 - Knowledge - INFO - done fast ingest for /app/data/b2c/156786/b6407y0/accountill-156786/server/models/ClientModel.js
2025-08-13 10:15:13,246 - Knowledge - INFO - worker kw18 pull /app/data/b2c/156786/b6407y0/accountill-156786/server/routes/userRoutes.js from ingest queue
2025-08-13 10:15:14,888 - Knowledge - INFO - Fast-track processing for simple file: /app/data/b2c/156786/b6407y0/accountill-156786/server/routes/profile.js
2025-08-13 10:15:14,963 - Knowledge - INFO - adding /app/data/b2c/156786/b6407y0/accountill-156786/client/src/components/Spinner/Spinner.js to ingest queue
2025-08-13 10:15:15,046 - Knowledge - INFO - start ingest for /app/data/b2c/156786/b6407y0/accountill-156786/server/package.json
2025-08-13 10:15:15,113 - Knowledge - INFO - done ingest for /app/data/b2c/156786/b6407y0/accountill-156786/server/models/InvoiceModel.js
2025-08-13 10:15:15,381 - Knowledge - INFO - process ingested knowledge for /app/data/b2c/156786/b6407y0/accountill-156786/server/models/ClientModel.js
2025-08-13 10:15:15,470 - Knowledge - INFO - Thread kw18 - File userRoutes.js - Remaining files in queue: 78
2025-08-13 10:15:15,589 - Knowledge - INFO - done fast ingest for /app/data/b2c/156786/b6407y0/accountill-156786/server/routes/profile.js
2025-08-13 10:15:15,686 - Knowledge - INFO - adding /app/data/b2c/156786/b6407y0/accountill-156786/client/src/currencies.json to ingest queue
2025-08-13 10:15:15,792 - Knowledge - INFO - Fast-track processing for simple file: /app/data/b2c/156786/b6407y0/accountill-156786/server/package.json
2025-08-13 10:15:15,906 - Knowledge - INFO - process ingested knowledge for /app/data/b2c/156786/b6407y0/accountill-156786/server/models/InvoiceModel.js
2025-08-13 10:15:16,082 - Knowledge - INFO - start ingest for /app/data/b2c/156786/b6407y0/accountill-156786/server/routes/userRoutes.js
2025-08-13 10:15:16,213 - Knowledge - INFO - process ingested knowledge for /app/data/b2c/156786/b6407y0/accountill-156786/server/routes/profile.js
2025-08-13 10:15:16,278 - Knowledge - INFO - Found code-base-name: https://github.com/kavia-common/accountill-156786.git:kavia-master
2025-08-13 10:15:16,279 - Knowledge - INFO - Found code-base-name: https://github.com/kavia-common/accountill-156786.git:kavia-master
2025-08-13 10:15:16,879 - Knowledge - INFO - Found code_base: <app.utils.kg_build.knowledge.KnowledgeCodeBase object at 0x7fee6a422810>
2025-08-13 10:15:16,514 - Knowledge - INFO - worker kw9 pull /app/data/b2c/156786/b6407y0/accountill-156786/server/routes/clients.js from ingest queue
2025-08-13 10:15:16,514 - Knowledge - INFO - adding /app/data/b2c/156786/b6407y0/accountill-156786/client/public/robots.txt to ingest queue
2025-08-13 10:15:16,569 - Knowledge - INFO - Fast-track processing for simple file: /app/data/b2c/156786/b6407y0/accountill-156786/server/routes/userRoutes.js
2025-08-13 10:15:16,771 - Knowledge - INFO - Found code_base: <app.utils.kg_build.knowledge.KnowledgeCodeBase object at 0x7fee6a422810>
2025-08-13 10:15:17,449 - Knowledge - INFO - persist ingested knowledge for /app/data/b2c/156786/b6407y0/accountill-156786/README.md
2025-08-13 10:15:16,990 - Knowledge - INFO - persist ingested knowledge for /app/data/b2c/156786/b6407y0/accountill-156786/server/models/ProfileModel.js
2025-08-13 10:15:17,112 - Knowledge - INFO - Thread kw9 - File clients.js - Remaining files in queue: 79
2025-08-13 10:15:17,327 - Knowledge - INFO - worker kw20 pull /app/data/b2c/156786/b6407y0/accountill-156786/server/models/userModel.js from ingest queue
2025-08-13 10:15:17,327 - Knowledge - INFO - adding /app/data/b2c/156786/b6407y0/accountill-156786/client/public/index.html to ingest queue
2025-08-13 10:15:17,342 - Knowledge - INFO - done fast ingest for /app/data/b2c/156786/b6407y0/accountill-156786/server/routes/userRoutes.js
2025-08-13 10:15:16,361 - Knowledge - INFO - done fast ingest for /app/data/b2c/156786/b6407y0/accountill-156786/server/package.json
2025-08-13 10:15:17,777 - Knowledge - INFO - start ingest for /app/data/b2c/156786/b6407y0/accountill-156786/server/routes/clients.js
2025-08-13 10:15:17,904 - Knowledge - INFO - Thread kw20 - File userModel.js - Remaining files in queue: 79
2025-08-13 10:15:18,016 - Knowledge - INFO - adding /app/data/b2c/156786/b6407y0/accountill-156786/client/src/index.css to ingest queue
2025-08-13 10:15:18,142 - Knowledge - INFO - process ingested knowledge for /app/data/b2c/156786/b6407y0/accountill-156786/server/routes/userRoutes.js
2025-08-13 10:15:18,220 - Knowledge - INFO - process ingested knowledge for /app/data/b2c/156786/b6407y0/accountill-156786/server/package.json
2025-08-13 10:15:18,319 - Knowledge - INFO - Fast-track processing for simple file: /app/data/b2c/156786/b6407y0/accountill-156786/server/routes/clients.js
2025-08-13 10:15:18,424 - Knowledge - INFO - start ingest for /app/data/b2c/156786/b6407y0/accountill-156786/server/models/userModel.js
2025-08-13 10:15:18,591 - Knowledge - INFO - adding /app/data/b2c/156786/b6407y0/accountill-156786/client/src/reducers/profiles.js to ingest queue
2025-08-13 10:15:18,983 - Knowledge - INFO - done fast ingest for /app/data/b2c/156786/b6407y0/accountill-156786/server/routes/clients.js
2025-08-13 10:15:19,003 - Knowledge - INFO - done ingest for /app/data/b2c/156786/b6407y0/accountill-156786/server/documents/index.js
2025-08-13 10:15:19,141 - Knowledge - INFO - Fast-track processing for simple file: /app/data/b2c/156786/b6407y0/accountill-156786/server/models/userModel.js
2025-08-13 10:15:19,347 - Knowledge - INFO - process ingested knowledge for /app/data/b2c/156786/b6407y0/accountill-156786/server/routes/clients.js
2025-08-13 10:15:19,379 - Knowledge - INFO - worker kw22 pull /app/data/b2c/156786/b6407y0/accountill-156786/server/controllers/clients.js from ingest queue
2025-08-13 10:15:19,380 - Knowledge - INFO - worker kw11 pull /app/data/b2c/156786/b6407y0/accountill-156786/server/routes/invoices.js from ingest queue
2025-08-13 10:15:19,382 - Knowledge - INFO - Found code-base-name: https://github.com/kavia-common/accountill-156786.git:kavia-master
2025-08-13 10:15:19,383 - Knowledge - INFO - worker kw6 pull /app/data/b2c/156786/b6407y0/accountill-156786/server/index.js from ingest queue
2025-08-13 10:15:19,383 - Knowledge - INFO - Found code-base-name: https://github.com/kavia-common/accountill-156786.git:kavia-master
2025-08-13 10:15:19,383 - Knowledge - INFO - adding /app/data/b2c/156786/b6407y0/accountill-156786/client/public/manifest.json to ingest queue
2025-08-13 10:15:19,428 - Knowledge - INFO - process ingested knowledge for /app/data/b2c/156786/b6407y0/accountill-156786/server/documents/index.js
2025-08-13 10:15:19,507 - Knowledge - INFO - done fast ingest for /app/data/b2c/156786/b6407y0/accountill-156786/server/models/userModel.js
2025-08-13 10:15:19,527 - Knowledge - INFO - done ingest for /app/data/b2c/156786/b6407y0/accountill-156786/server/documents/email.js
2025-08-13 10:15:19,679 - Knowledge - INFO - Thread kw22 - File clients.js - Remaining files in queue: 79
2025-08-13 10:15:20,569 - Knowledge - INFO - start ingest for /app/data/b2c/156786/b6407y0/accountill-156786/server/controllers/clients.js
2025-08-13 10:15:19,850 - Knowledge - INFO - Found code_base: <app.utils.kg_build.knowledge.KnowledgeCodeBase object at 0x7fee6a422810>
2025-08-13 10:15:19,933 - Knowledge - INFO - Thread kw6 - File index.js - Remaining files in queue: 79
2025-08-13 10:15:19,983 - Knowledge - INFO - done ingest for /app/data/b2c/156786/b6407y0/accountill-156786/server/documents/invoice.js
2025-08-13 10:15:20,022 - Knowledge - INFO - Found code_base: <app.utils.kg_build.knowledge.KnowledgeCodeBase object at 0x7fee6a422810>
2025-08-13 10:15:21,122 - Knowledge - INFO - persist ingested knowledge for /app/data/b2c/156786/b6407y0/accountill-156786/server/models/InvoiceModel.js
2025-08-13 10:15:20,102 - Knowledge - INFO - worker kw25 pull /app/data/b2c/156786/b6407y0/accountill-156786/server/controllers/profile.js from ingest queue
2025-08-13 10:15:20,290 - Knowledge - INFO - worker kw13 pull /app/data/b2c/156786/b6407y0/accountill-156786/server/controllers/user.js from ingest queue
2025-08-13 10:15:20,290 - Knowledge - INFO - Found code-base-name: https://github.com/kavia-common/accountill-156786.git:kavia-master
2025-08-13 10:15:20,290 - Knowledge - INFO - Found code-base-name: https://github.com/kavia-common/accountill-156786.git:kavia-master
2025-08-13 10:15:20,291 - Knowledge - INFO - worker kw24 pull /app/data/b2c/156786/b6407y0/accountill-156786/server/middleware/auth.js from ingest queue
2025-08-13 10:15:20,291 - Knowledge - INFO - worker kw14 pull /app/data/b2c/156786/b6407y0/accountill-156786/client/src/api/index.js from ingest queue
2025-08-13 10:15:20,291 - Knowledge - INFO - worker kw12 pull /app/data/b2c/156786/b6407y0/accountill-156786/client/src/components/Dashboard/ReactChart.js from ingest queue
2025-08-13 10:15:20,291 - Knowledge - INFO - Found code-base-name: https://github.com/kavia-common/accountill-156786.git:kavia-master
2025-08-13 10:15:20,291 - Knowledge - INFO - worker kw16 pull /app/data/b2c/156786/b6407y0/accountill-156786/client/src/store.js from ingest queue
2025-08-13 10:15:20,292 - Knowledge - INFO - worker kw17 pull /app/data/b2c/156786/b6407y0/accountill-156786/client/src/clients.json from ingest queue
2025-08-13 10:15:20,292 - Knowledge - INFO - worker kw21 pull /app/data/b2c/156786/b6407y0/accountill-156786/server/controllers/invoices.js from ingest queue
2025-08-13 10:15:20,292 - Knowledge - INFO - adding /app/data/b2c/156786/b6407y0/accountill-156786/client/package.json to ingest queue
2025-08-13 10:15:20,349 - Knowledge - INFO - process ingested knowledge for /app/data/b2c/156786/b6407y0/accountill-156786/server/models/userModel.js
2025-08-13 10:15:20,457 - Knowledge - INFO - process ingested knowledge for /app/data/b2c/156786/b6407y0/accountill-156786/server/documents/email.js
2025-08-13 10:15:19,754 - Knowledge - INFO - Thread kw11 - File invoices.js - Remaining files in queue: 79
2025-08-13 10:15:20,793 - Knowledge - INFO - persist ingested knowledge for /app/data/b2c/156786/b6407y0/accountill-156786/server/models/ClientModel.js
2025-08-13 10:15:20,922 - Knowledge - INFO - start ingest for /app/data/b2c/156786/b6407y0/accountill-156786/server/index.js
2025-08-13 10:15:21,048 - Knowledge - INFO - process ingested knowledge for /app/data/b2c/156786/b6407y0/accountill-156786/server/documents/invoice.js
2025-08-13 10:15:20,102 - Knowledge - INFO - Found code-base-name: https://github.com/kavia-common/accountill-156786.git:kavia-master
2025-08-13 10:15:21,319 - Knowledge - INFO - Thread kw25 - File profile.js - Remaining files in queue: 72
2025-08-13 10:15:21,415 - Knowledge - INFO - Thread kw13 - File user.js - Remaining files in queue: 72
2025-08-13 10:15:21,532 - Knowledge - INFO - Found code_base: <app.utils.kg_build.knowledge.KnowledgeCodeBase object at 0x7fee6a422810>
2025-08-13 10:15:21,656 - Knowledge - INFO - Found code_base: <app.utils.kg_build.knowledge.KnowledgeCodeBase object at 0x7fee6a422810>
2025-08-13 10:15:23,550 - Knowledge - INFO - persist ingested knowledge for /app/data/b2c/156786/b6407y0/accountill-156786/server/package.json
2025-08-13 10:15:21,874 - Knowledge - INFO - Thread kw14 - File index.js - Remaining files in queue: 72
2025-08-13 10:15:23,783 - Knowledge - INFO - start ingest for /app/data/b2c/156786/b6407y0/accountill-156786/client/src/api/index.js
2025-08-13 10:15:22,085 - Knowledge - INFO - Found code_base: <app.utils.kg_build.knowledge.KnowledgeCodeBase object at 0x7fee6a422810>
2025-08-13 10:15:22,163 - Knowledge - INFO - Thread kw16 - File store.js - Remaining files in queue: 72
2025-08-13 10:15:22,250 - Knowledge - INFO - Thread kw17 - File clients.json - Remaining files in queue: 72
2025-08-13 10:15:22,329 - Knowledge - INFO - Thread kw21 - File invoices.js - Remaining files in queue: 72
2025-08-13 10:15:22,414 - Knowledge - INFO - Found code-base-name: https://github.com/kavia-common/accountill-156786.git:kavia-master
2025-08-13 10:15:22,414 - Knowledge - INFO - worker kw1 pull /app/data/b2c/156786/b6407y0/accountill-156786/client/src/App.js from ingest queue
2025-08-13 10:15:22,414 - Knowledge - INFO - worker kw4 pull /app/data/b2c/156786/b6407y0/accountill-156786/client/src/components/Dashboard/Chart.js from ingest queue
2025-08-13 10:15:22,415 - Knowledge - INFO - worker kw23 pull /app/data/b2c/156786/b6407y0/accountill-156786/client/src/components/Dashboard/Donut.js from ingest queue
2025-08-13 10:15:22,754 - Knowledge - INFO - start ingest for /app/data/b2c/156786/b6407y0/accountill-156786/server/routes/invoices.js
2025-08-13 10:15:23,158 - Knowledge - INFO - Found code_base: <app.utils.kg_build.knowledge.KnowledgeCodeBase object at 0x7fee6a422810>
2025-08-13 10:15:23,252 - Knowledge - INFO - start ingest for /app/data/b2c/156786/b6407y0/accountill-156786/server/controllers/profile.js
2025-08-13 10:15:23,294 - Knowledge - INFO - persist search terms embedding for server/models/InvoiceModel.js
2025-08-13 10:15:23,343 - Knowledge - INFO - start ingest for /app/data/b2c/156786/b6407y0/accountill-156786/server/controllers/user.js
2025-08-13 10:15:23,463 - Knowledge - INFO - persist ingested knowledge for /app/data/b2c/156786/b6407y0/accountill-156786/server/routes/userRoutes.js
2025-08-13 10:15:21,778 - Knowledge - INFO - Thread kw24 - File auth.js - Remaining files in queue: 72
2025-08-13 10:15:21,966 - Knowledge - INFO - Thread kw12 - File ReactChart.js - Remaining files in queue: 72
2025-08-13 10:15:25,559 - Knowledge - INFO - start ingest for /app/data/b2c/156786/b6407y0/accountill-156786/client/src/components/Dashboard/ReactChart.js
2025-08-13 10:15:24,109 - Knowledge - INFO - start ingest for /app/data/b2c/156786/b6407y0/accountill-156786/client/src/store.js
2025-08-13 10:15:24,201 - Knowledge - INFO - start ingest for /app/data/b2c/156786/b6407y0/accountill-156786/client/src/clients.json
2025-08-13 10:15:24,295 - Knowledge - INFO - start ingest for /app/data/b2c/156786/b6407y0/accountill-156786/server/controllers/invoices.js
2025-08-13 10:15:24,370 - Knowledge - INFO - Found code_base: <app.utils.kg_build.knowledge.KnowledgeCodeBase object at 0x7fee6a422810>
2025-08-13 10:15:24,477 - Knowledge - INFO - Thread kw1 - File App.js - Remaining files in queue: 70
2025-08-13 10:15:24,597 - Knowledge - INFO - Thread kw4 - File Chart.js - Remaining files in queue: 70
2025-08-13 10:15:24,731 - Knowledge - INFO - Thread kw23 - File Donut.js - Remaining files in queue: 70
2025-08-13 10:15:24,835 - Knowledge - INFO - Fast-track processing for simple file: /app/data/b2c/156786/b6407y0/accountill-156786/server/routes/invoices.js
2025-08-13 10:15:26,578 - Knowledge - INFO - done fast ingest for /app/data/b2c/156786/b6407y0/accountill-156786/server/routes/invoices.js
2025-08-13 10:15:25,120 - Knowledge - INFO - worker kw10 pull /app/data/b2c/156786/b6407y0/accountill-156786/client/src/components/svgIcons/NoData.js from ingest queue
2025-08-13 10:15:25,121 - Knowledge - INFO - Found code-base-name: https://github.com/kavia-common/accountill-156786.git:kavia-master
2025-08-13 10:15:25,304 - Knowledge - INFO - Found code-base-name: https://github.com/kavia-common/accountill-156786.git:kavia-master
2025-08-13 10:15:25,453 - Knowledge - INFO - worker kw15 pull /app/data/b2c/156786/b6407y0/accountill-156786/client/src/components/Dashboard/Icons.js from ingest queue
2025-08-13 10:15:27,286 - Knowledge - INFO - Thread kw15 - File Icons.js - Remaining files in queue: 65
2025-08-13 10:15:25,462 - Knowledge - INFO - start ingest for /app/data/b2c/156786/b6407y0/accountill-156786/server/middleware/auth.js
2025-08-13 10:15:23,991 - Knowledge - INFO - persist ingested knowledge for /app/data/b2c/156786/b6407y0/accountill-156786/server/routes/clients.js
2025-08-13 10:15:25,600 - Knowledge - INFO - worker kw8 pull /app/data/b2c/156786/b6407y0/accountill-156786/client/src/components/svgIcons/Empty.js from ingest queue
2025-08-13 10:15:25,603 - Knowledge - INFO - worker kw5 pull /app/data/b2c/156786/b6407y0/accountill-156786/client/src/components/Dashboard/Dashboard.module.css from ingest queue
2025-08-13 10:15:25,606 - Knowledge - INFO - worker kw18 pull /app/data/b2c/156786/b6407y0/accountill-156786/client/src/components/Clients/ClientList.js from ingest queue
2025-08-13 10:15:25,891 - Knowledge - INFO - Fast-track processing for simple file: /app/data/b2c/156786/b6407y0/accountill-156786/client/src/clients.json
2025-08-13 10:15:26,088 - Knowledge - INFO - persist ingested knowledge for /app/data/b2c/156786/b6407y0/accountill-156786/server/documents/index.js
2025-08-13 10:15:26,189 - Knowledge - INFO - start ingest for /app/data/b2c/156786/b6407y0/accountill-156786/client/src/App.js
2025-08-13 10:15:26,319 - Knowledge - INFO - start ingest for /app/data/b2c/156786/b6407y0/accountill-156786/client/src/components/Dashboard/Chart.js
2025-08-13 10:15:26,450 - Knowledge - INFO - start ingest for /app/data/b2c/156786/b6407y0/accountill-156786/client/src/components/Dashboard/Donut.js
2025-08-13 10:15:24,943 - Knowledge - INFO - persist ingested knowledge for /app/data/b2c/156786/b6407y0/accountill-156786/server/routes/profile.js
2025-08-13 10:15:26,792 - Knowledge - INFO - process ingested knowledge for /app/data/b2c/156786/b6407y0/accountill-156786/server/routes/invoices.js
2025-08-13 10:15:26,843 - Knowledge - INFO - Thread kw10 - File NoData.js - Remaining files in queue: 65
2025-08-13 10:15:26,977 - Knowledge - INFO - Found code_base: <app.utils.kg_build.knowledge.KnowledgeCodeBase object at 0x7fee6a422810>
2025-08-13 10:15:27,112 - Knowledge - INFO - Found code_base: <app.utils.kg_build.knowledge.KnowledgeCodeBase object at 0x7fee6a422810>
2025-08-13 10:15:25,454 - Knowledge - INFO - Found code-base-name: https://github.com/kavia-common/accountill-156786.git:kavia-master
2025-08-13 10:15:27,439 - Knowledge - INFO - start ingest for /app/data/b2c/156786/b6407y0/accountill-156786/client/src/components/Dashboard/Icons.js
2025-08-13 10:15:27,982 - Knowledge - INFO - Thread kw8 - File Empty.js - Remaining files in queue: 65
2025-08-13 10:15:28,118 - Knowledge - INFO - Thread kw5 - File Dashboard.module.css - Remaining files in queue: 65
2025-08-13 10:15:30,216 - Knowledge - INFO - start ingest for /app/data/b2c/156786/b6407y0/accountill-156786/client/src/components/Dashboard/Dashboard.module.css
2025-08-13 10:15:28,267 - Knowledge - INFO - Thread kw18 - File ClientList.js - Remaining files in queue: 64
2025-08-13 10:15:28,368 - Knowledge - INFO - done fast ingest for /app/data/b2c/156786/b6407y0/accountill-156786/client/src/clients.json
2025-08-13 10:15:29,228 - Knowledge - INFO - done ingest for /app/data/b2c/156786/b6407y0/accountill-156786/server/controllers/clients.js
2025-08-13 10:15:29,383 - Knowledge - INFO - start ingest for /app/data/b2c/156786/b6407y0/accountill-156786/client/src/components/svgIcons/NoData.js
2025-08-13 10:15:29,515 - Knowledge - INFO - persist ingested knowledge for /app/data/b2c/156786/b6407y0/accountill-156786/server/documents/email.js
2025-08-13 10:15:29,677 - Knowledge - INFO - persist ingested knowledge for /app/data/b2c/156786/b6407y0/accountill-156786/server/documents/invoice.js
2025-08-13 10:15:29,851 - Knowledge - INFO - persist search terms embedding for server/documents/index.js
2025-08-13 10:15:29,858 - Knowledge - INFO - Found code_base: <app.utils.kg_build.knowledge.KnowledgeCodeBase object at 0x7fee6a422810>
2025-08-13 10:15:30,123 - Knowledge - INFO - start ingest for /app/data/b2c/156786/b6407y0/accountill-156786/client/src/components/svgIcons/Empty.js
2025-08-13 10:15:28,139 - Knowledge - INFO - worker kw9 pull /app/data/b2c/156786/b6407y0/accountill-156786/client/src/components/Invoices/Invoices.js from ingest queue
2025-08-13 10:15:30,557 - Knowledge - INFO - start ingest for /app/data/b2c/156786/b6407y0/accountill-156786/client/src/components/Clients/ClientList.js
2025-08-13 10:15:30,633 - Knowledge - INFO - done ingest for /app/data/b2c/156786/b6407y0/accountill-156786/server/index.js
2025-08-13 10:15:30,686 - Knowledge - INFO - process ingested knowledge for /app/data/b2c/156786/b6407y0/accountill-156786/client/src/clients.json
2025-08-13 10:15:30,995 - Knowledge - INFO - process ingested knowledge for /app/data/b2c/156786/b6407y0/accountill-156786/server/controllers/clients.js
2025-08-13 10:15:31,550 - Knowledge - INFO - persist ingested knowledge for /app/data/b2c/156786/b6407y0/accountill-156786/server/models/userModel.js
2025-08-13 10:15:31,832 - Knowledge - INFO - Thread kw9 - File Invoices.js - Remaining files in queue: 64
2025-08-13 10:15:32,104 - Knowledge - INFO - Found code-base-name: https://github.com/kavia-common/accountill-156786.git:kavia-master
2025-08-13 10:15:32,181 - Knowledge - INFO - process ingested knowledge for /app/data/b2c/156786/b6407y0/accountill-156786/server/index.js
2025-08-13 10:15:32,538 - Knowledge - INFO - start ingest for /app/data/b2c/156786/b6407y0/accountill-156786/client/src/components/Invoices/Invoices.js
2025-08-13 10:15:32,653 - Knowledge - INFO - Found code_base: <app.utils.kg_build.knowledge.KnowledgeCodeBase object at 0x7fee6a422810>
2025-08-13 10:15:33,080 - Knowledge - INFO - persist ingested knowledge for /app/data/b2c/156786/b6407y0/accountill-156786/server/routes/invoices.js
2025-08-13 10:15:33,190 - Knowledge - INFO - persist search terms embedding for server/documents/email.js
2025-08-13 10:15:33,337 - Knowledge - INFO - worker kw7 pull /app/data/b2c/156786/b6407y0/accountill-156786/client/src/components/NavBar/NavBar.js from ingest queue
2025-08-13 10:15:33,512 - Knowledge - INFO - Thread kw7 - File NavBar.js - Remaining files in queue: 62
2025-08-13 10:15:33,379 - Knowledge - INFO - Found code-base-name: https://github.com/kavia-common/accountill-156786.git:kavia-master
2025-08-13 10:15:33,360 - Knowledge - INFO - worker kw19 pull /app/data/b2c/156786/b6407y0/accountill-156786/client/src/components/Clients/Clients.module.css from ingest queue
2025-08-13 10:15:33,658 - Knowledge - INFO - start ingest for /app/data/b2c/156786/b6407y0/accountill-156786/client/src/components/NavBar/NavBar.js
2025-08-13 10:15:33,856 - Knowledge - INFO - Found code_base: <app.utils.kg_build.knowledge.KnowledgeCodeBase object at 0x7fee6a422810>
2025-08-13 10:15:33,982 - Knowledge - INFO - Thread kw19 - File Clients.module.css - Remaining files in queue: 62
2025-08-13 10:15:33,985 - Knowledge - INFO - Found code-base-name: https://github.com/kavia-common/accountill-156786.git:kavia-master
2025-08-13 10:15:34,264 - Knowledge - INFO - persist ingested knowledge for /app/data/b2c/156786/b6407y0/accountill-156786/server/controllers/clients.js
2025-08-13 10:15:34,384 - Knowledge - INFO - start ingest for /app/data/b2c/156786/b6407y0/accountill-156786/client/src/components/Clients/Clients.module.css
2025-08-13 10:15:34,576 - Knowledge - INFO - Found code_base: <app.utils.kg_build.knowledge.KnowledgeCodeBase object at 0x7fee6a422810>
2025-08-13 10:15:34,999 - Knowledge - INFO - persist ingested knowledge for /app/data/b2c/156786/b6407y0/accountill-156786/server/index.js
2025-08-13 10:15:34,927 - Knowledge - INFO - Fast-track processing for simple file: /app/data/b2c/156786/b6407y0/accountill-156786/client/src/components/Clients/Clients.module.css
2025-08-13 10:15:34,577 - Knowledge - INFO - worker kw3 pull /app/data/b2c/156786/b6407y0/accountill-156786/client/src/components/Clients/Clients.js from ingest queue
2025-08-13 10:15:35,238 - Knowledge - INFO - done fast ingest for /app/data/b2c/156786/b6407y0/accountill-156786/client/src/components/Clients/Clients.module.css
2025-08-13 10:15:35,351 - Knowledge - INFO - Thread kw3 - File Clients.js - Remaining files in queue: 61
2025-08-13 10:15:35,384 - Knowledge - INFO - persist search terms embedding for server/documents/invoice.js
2025-08-13 10:15:35,462 - Knowledge - INFO - process ingested knowledge for /app/data/b2c/156786/b6407y0/accountill-156786/client/src/components/Clients/Clients.module.css
2025-08-13 10:15:35,605 - Knowledge - INFO - start ingest for /app/data/b2c/156786/b6407y0/accountill-156786/client/src/components/Clients/Clients.js
2025-08-13 10:15:35,703 - Knowledge - INFO - worker kw20 pull /app/data/b2c/156786/b6407y0/accountill-156786/client/src/components/Clients/AddClient.js from ingest queue
2025-08-13 10:15:35,708 - Knowledge - INFO - worker kw11 pull /app/data/b2c/156786/b6407y0/accountill-156786/client/src/components/Dashboard/Dashboard.js from ingest queue
2025-08-13 10:15:36,078 - Knowledge - INFO - Thread kw20 - File AddClient.js - Remaining files in queue: 59
2025-08-13 10:15:36,169 - Knowledge - INFO - done ingest for /app/data/b2c/156786/b6407y0/accountill-156786/server/controllers/profile.js
2025-08-13 10:15:36,210 - Knowledge - INFO - Thread kw11 - File Dashboard.js - Remaining files in queue: 59
2025-08-13 10:15:36,345 - Knowledge - INFO - start ingest for /app/data/b2c/156786/b6407y0/accountill-156786/client/src/components/Clients/AddClient.js
2025-08-13 10:15:36,448 - Knowledge - INFO - persist search terms embedding for server/controllers/clients.js
2025-08-13 10:15:36,567 - Knowledge - INFO - process ingested knowledge for /app/data/b2c/156786/b6407y0/accountill-156786/server/controllers/profile.js
2025-08-13 10:15:36,592 - Knowledge - INFO - start ingest for /app/data/b2c/156786/b6407y0/accountill-156786/client/src/components/Dashboard/Dashboard.js
2025-08-13 10:15:36,848 - Knowledge - INFO - worker kw22 pull /app/data/b2c/156786/b6407y0/accountill-156786/client/src/components/Settings/Form/Uploader.js from ingest queue
2025-08-13 10:15:36,856 - Knowledge - INFO - worker kw2 pull /app/data/b2c/156786/b6407y0/accountill-156786/client/src/components/Settings/Form/Form.js from ingest queue
2025-08-13 10:15:36,860 - Knowledge - INFO - Found code-base-name: https://github.com/kavia-common/accountill-156786.git:kavia-master
2025-08-13 10:15:36,861 - Knowledge - INFO - Found code-base-name: https://github.com/kavia-common/accountill-156786.git:kavia-master
2025-08-13 10:15:37,229 - Knowledge - INFO - Thread kw22 - File Uploader.js - Remaining files in queue: 57
2025-08-13 10:15:37,325 - Knowledge - INFO - Thread kw2 - File Form.js - Remaining files in queue: 57
2025-08-13 10:15:37,414 - Knowledge - INFO - persist search terms embedding for server/index.js
2025-08-13 10:15:37,428 - Knowledge - INFO - Found code_base: <app.utils.kg_build.knowledge.KnowledgeCodeBase object at 0x7fee6a422810>
2025-08-13 10:15:37,534 - Knowledge - INFO - Found code_base: <app.utils.kg_build.knowledge.KnowledgeCodeBase object at 0x7fee6a422810>
2025-08-13 10:15:37,680 - Knowledge - INFO - start ingest for /app/data/b2c/156786/b6407y0/accountill-156786/client/src/components/Settings/Form/Uploader.js
2025-08-13 10:15:37,808 - Knowledge - INFO - start ingest for /app/data/b2c/156786/b6407y0/accountill-156786/client/src/components/Settings/Form/Form.js
2025-08-13 10:15:37,956 - Knowledge - INFO - Found code-base-name: https://github.com/kavia-common/accountill-156786.git:kavia-master
2025-08-13 10:15:38,442 - Knowledge - INFO - Found code_base: <app.utils.kg_build.knowledge.KnowledgeCodeBase object at 0x7fee6a422810>
2025-08-13 10:15:38,065 - Knowledge - INFO - persist ingested knowledge for /app/data/b2c/156786/b6407y0/accountill-156786/client/src/components/Clients/Clients.module.css
2025-08-13 10:15:38,158 - Knowledge - INFO - persist ingested knowledge for /app/data/b2c/156786/b6407y0/accountill-156786/client/src/clients.json
2025-08-13 10:15:37,957 - Knowledge - INFO - worker kw6 pull /app/data/b2c/156786/b6407y0/accountill-156786/client/src/components/Settings/Form/Profile.js from ingest queue
2025-08-13 10:15:38,564 - Knowledge - INFO - persist ingested knowledge for /app/data/b2c/156786/b6407y0/accountill-156786/server/controllers/profile.js
2025-08-13 10:15:38,917 - Knowledge - INFO - Thread kw6 - File Profile.js - Remaining files in queue: 56
2025-08-13 10:15:39,155 - Knowledge - INFO - start ingest for /app/data/b2c/156786/b6407y0/accountill-156786/client/src/components/Settings/Form/Profile.js
2025-08-13 10:15:39,321 - Knowledge - INFO - worker kw19 pull /app/data/b2c/156786/b6407y0/accountill-156786/client/src/components/Settings/Form/icon.js from ingest queue
2025-08-13 10:15:39,423 - Knowledge - INFO - Thread kw19 - File icon.js - Remaining files in queue: 55
2025-08-13 10:15:39,561 - Knowledge - INFO - start ingest for /app/data/b2c/156786/b6407y0/accountill-156786/client/src/components/Settings/Form/icon.js
2025-08-13 10:15:39,783 - Knowledge - INFO - done ingest for /app/data/b2c/156786/b6407y0/accountill-156786/client/src/store.js
2025-08-13 10:15:39,802 - Knowledge - INFO - done ingest for /app/data/b2c/156786/b6407y0/accountill-156786/client/src/api/index.js
2025-08-13 10:15:39,938 - Knowledge - INFO - process ingested knowledge for /app/data/b2c/156786/b6407y0/accountill-156786/client/src/store.js
2025-08-13 10:15:39,983 - Knowledge - INFO - persist search terms embedding for server/controllers/profile.js
2025-08-13 10:15:40,246 - Knowledge - INFO - done ingest for /app/data/b2c/156786/b6407y0/accountill-156786/server/controllers/user.js
2025-08-13 10:15:40,246 - Knowledge - INFO - process ingested knowledge for /app/data/b2c/156786/b6407y0/accountill-156786/client/src/api/index.js
2025-08-13 10:15:40,337 - Knowledge - INFO - done ingest for /app/data/b2c/156786/b6407y0/accountill-156786/client/src/components/Dashboard/ReactChart.js
2025-08-13 10:15:40,346 - Knowledge - INFO - worker kw17 pull /app/data/b2c/156786/b6407y0/accountill-156786/client/src/components/Settings/Settings.module.css from ingest queue
2025-08-13 10:15:40,378 - Knowledge - INFO - Found code-base-name: https://github.com/kavia-common/accountill-156786.git:kavia-master
2025-08-13 10:15:40,403 - Knowledge - INFO - worker kw25 pull /app/data/b2c/156786/b6407y0/accountill-156786/client/src/components/Payments/Modal.js from ingest queue
2025-08-13 10:15:41,224 - Knowledge - INFO - Thread kw25 - File Modal.js - Remaining files in queue: 53
2025-08-13 10:15:40,638 - Knowledge - INFO - Found code-base-name: https://github.com/kavia-common/accountill-156786.git:kavia-master
2025-08-13 10:15:40,839 - Knowledge - INFO - process ingested knowledge for /app/data/b2c/156786/b6407y0/accountill-156786/client/src/components/Dashboard/ReactChart.js
2025-08-13 10:15:40,890 - Knowledge - INFO - Thread kw17 - File Settings.module.css - Remaining files in queue: 53
2025-08-13 10:15:41,078 - Knowledge - INFO - Found code_base: <app.utils.kg_build.knowledge.KnowledgeCodeBase object at 0x7fee6a422810>
2025-08-13 10:15:40,635 - Knowledge - INFO - process ingested knowledge for /app/data/b2c/156786/b6407y0/accountill-156786/server/controllers/user.js
2025-08-13 10:15:41,316 - Knowledge - INFO - start ingest for /app/data/b2c/156786/b6407y0/accountill-156786/client/src/components/Payments/Modal.js
2025-08-13 10:15:41,464 - Knowledge - INFO - Found code_base: <app.utils.kg_build.knowledge.KnowledgeCodeBase object at 0x7fee6a422810>
2025-08-13 10:15:41,602 - Knowledge - INFO - Found code-base-name: https://github.com/kavia-common/accountill-156786.git:kavia-master
2025-08-13 10:15:41,740 - Knowledge - INFO - start ingest for /app/data/b2c/156786/b6407y0/accountill-156786/client/src/components/Settings/Settings.module.css
2025-08-13 10:15:41,918 - Knowledge - INFO - persist ingested knowledge for /app/data/b2c/156786/b6407y0/accountill-156786/client/src/store.js
2025-08-13 10:15:42,070 - Knowledge - INFO - Found code-base-name: https://github.com/kavia-common/accountill-156786.git:kavia-master
2025-08-13 10:15:42,284 - Knowledge - INFO - done ingest for /app/data/b2c/156786/b6407y0/accountill-156786/server/middleware/auth.js
2025-08-13 10:15:42,475 - Knowledge - INFO - persist ingested knowledge for /app/data/b2c/156786/b6407y0/accountill-156786/client/src/api/index.js
2025-08-13 10:15:42,569 - Knowledge - INFO - Found code_base: <app.utils.kg_build.knowledge.KnowledgeCodeBase object at 0x7fee6a422810>
2025-08-13 10:15:43,286 - Knowledge - INFO - persist ingested knowledge for /app/data/b2c/156786/b6407y0/accountill-156786/client/src/components/Dashboard/ReactChart.js
2025-08-13 10:15:42,973 - Knowledge - INFO - done ingest for /app/data/b2c/156786/b6407y0/accountill-156786/server/controllers/invoices.js
2025-08-13 10:15:43,104 - Knowledge - INFO - process ingested knowledge for /app/data/b2c/156786/b6407y0/accountill-156786/server/middleware/auth.js
2025-08-13 10:15:42,971 - Knowledge - INFO - Found code_base: <app.utils.kg_build.knowledge.KnowledgeCodeBase object at 0x7fee6a422810>
2025-08-13 10:15:43,360 - Knowledge - INFO - persist search terms embedding for client/src/store.js
2025-08-13 10:15:43,501 - Knowledge - INFO - process ingested knowledge for /app/data/b2c/156786/b6407y0/accountill-156786/server/controllers/invoices.js
2025-08-13 10:15:43,698 - Knowledge - INFO - persist ingested knowledge for /app/data/b2c/156786/b6407y0/accountill-156786/server/controllers/user.js
2025-08-13 10:15:44,585 - Knowledge - INFO - persist search terms embedding for client/src/api/index.js
2025-08-13 10:15:44,814 - Knowledge - INFO - done ingest for /app/data/b2c/156786/b6407y0/accountill-156786/client/src/components/Dashboard/Donut.js
2025-08-13 10:15:44,909 - Knowledge - INFO - process ingested knowledge for /app/data/b2c/156786/b6407y0/accountill-156786/client/src/components/Dashboard/Donut.js
2025-08-13 10:15:45,347 - Knowledge - INFO - persist search terms embedding for client/src/components/Dashboard/ReactChart.js
2025-08-13 10:15:45,433 - Knowledge - INFO - Found code-base-name: https://github.com/kavia-common/accountill-156786.git:kavia-master
2025-08-13 10:15:45,434 - Knowledge - INFO - worker kw16 pull /app/data/b2c/156786/b6407y0/accountill-156786/client/src/components/Settings/Form/Uploader.module.css from ingest queue
2025-08-13 10:15:45,434 - Knowledge - INFO - Found code-base-name: https://github.com/kavia-common/accountill-156786.git:kavia-master
2025-08-13 10:15:45,715 - Knowledge - INFO - Found code_base: <app.utils.kg_build.knowledge.KnowledgeCodeBase object at 0x7fee6a422810>
2025-08-13 10:15:45,806 - Knowledge - INFO - persist ingested knowledge for /app/data/b2c/156786/b6407y0/accountill-156786/server/controllers/invoices.js
2025-08-13 10:15:45,525 - Knowledge - INFO - Found code_base: <app.utils.kg_build.knowledge.KnowledgeCodeBase object at 0x7fee6a422810>
2025-08-13 10:15:45,602 - Knowledge - INFO - Thread kw16 - File Uploader.module.css - Remaining files in queue: 52
2025-08-13 10:15:45,853 - Knowledge - INFO - persist search terms embedding for server/controllers/user.js
2025-08-13 10:15:46,027 - Knowledge - INFO - persist ingested knowledge for /app/data/b2c/156786/b6407y0/accountill-156786/server/middleware/auth.js
2025-08-13 10:15:46,127 - Knowledge - INFO - done ingest for /app/data/b2c/156786/b6407y0/accountill-156786/client/src/components/Dashboard/Dashboard.module.css
2025-08-13 10:15:46,167 - Knowledge - INFO - start ingest for /app/data/b2c/156786/b6407y0/accountill-156786/client/src/components/Settings/Form/Uploader.module.css
2025-08-13 10:15:46,258 - Knowledge - INFO - Found code-base-name: https://github.com/kavia-common/accountill-156786.git:kavia-master
2025-08-13 10:15:46,258 - Knowledge - INFO - worker kw12 pull /app/data/b2c/156786/b6407y0/accountill-156786/client/src/components/Settings/Form/styles.js from ingest queue
2025-08-13 10:15:46,259 - Knowledge - INFO - worker kw13 pull /app/data/b2c/156786/b6407y0/accountill-156786/client/src/components/Fab/Fab.js from ingest queue
2025-08-13 10:15:46,500 - Knowledge - INFO - process ingested knowledge for /app/data/b2c/156786/b6407y0/accountill-156786/client/src/components/Dashboard/Dashboard.module.css
2025-08-13 10:15:46,587 - Knowledge - INFO - Fast-track processing for simple file: /app/data/b2c/156786/b6407y0/accountill-156786/client/src/components/Settings/Form/Uploader.module.css
2025-08-13 10:15:47,080 - Knowledge - INFO - done fast ingest for /app/data/b2c/156786/b6407y0/accountill-156786/client/src/components/Settings/Form/Uploader.module.css
2025-08-13 10:15:46,696 - Knowledge - INFO - Found code_base: <app.utils.kg_build.knowledge.KnowledgeCodeBase object at 0x7fee6a422810>
2025-08-13 10:15:46,802 - Knowledge - INFO - Thread kw12 - File styles.js - Remaining files in queue: 50
2025-08-13 10:15:46,883 - Knowledge - INFO - Thread kw13 - File Fab.js - Remaining files in queue: 50
2025-08-13 10:15:46,635 - Knowledge - INFO - persist search terms embedding for server/controllers/invoices.js
2025-08-13 10:15:47,199 - Knowledge - INFO - process ingested knowledge for /app/data/b2c/156786/b6407y0/accountill-156786/client/src/components/Settings/Form/Uploader.module.css
2025-08-13 10:15:47,305 - Knowledge - INFO - persist ingested knowledge for /app/data/b2c/156786/b6407y0/accountill-156786/client/src/components/Dashboard/Donut.js
2025-08-13 10:15:47,419 - Knowledge - INFO - start ingest for /app/data/b2c/156786/b6407y0/accountill-156786/client/src/components/Settings/Form/styles.js
2025-08-13 10:15:47,516 - Knowledge - INFO - start ingest for /app/data/b2c/156786/b6407y0/accountill-156786/client/src/components/Fab/Fab.js
2025-08-13 10:15:47,656 - Knowledge - INFO - worker kw14 pull /app/data/b2c/156786/b6407y0/accountill-156786/client/src/components/Payments/AddPayment.js from ingest queue
2025-08-13 10:15:48,294 - Knowledge - INFO - Thread kw14 - File AddPayment.js - Remaining files in queue: 49
2025-08-13 10:15:48,300 - Knowledge - INFO - done ingest for /app/data/b2c/156786/b6407y0/accountill-156786/client/src/components/svgIcons/NoData.js
2025-08-13 10:15:48,416 - Knowledge - INFO - start ingest for /app/data/b2c/156786/b6407y0/accountill-156786/client/src/components/Payments/AddPayment.js
2025-08-13 10:15:48,446 - Knowledge - INFO - persist search terms embedding for server/middleware/auth.js
2025-08-13 10:15:48,591 - Knowledge - INFO - process ingested knowledge for /app/data/b2c/156786/b6407y0/accountill-156786/client/src/components/svgIcons/NoData.js
2025-08-13 10:15:48,667 - Knowledge - INFO - Fast-track processing for simple file: /app/data/b2c/156786/b6407y0/accountill-156786/client/src/components/Payments/AddPayment.js
2025-08-13 10:15:48,771 - Knowledge - INFO - Found code-base-name: https://github.com/kavia-common/accountill-156786.git:kavia-master
2025-08-13 10:15:48,771 - Knowledge - INFO - worker kw21 pull /app/data/b2c/156786/b6407y0/accountill-156786/client/src/components/Settings/Settings.js from ingest queue
2025-08-13 10:15:49,409 - Knowledge - INFO - Thread kw21 - File Settings.js - Remaining files in queue: 48
2025-08-13 10:15:49,211 - Knowledge - INFO - Found code_base: <app.utils.kg_build.knowledge.KnowledgeCodeBase object at 0x7fee6a422810>
2025-08-13 10:15:49,643 - Knowledge - INFO - persist ingested knowledge for /app/data/b2c/156786/b6407y0/accountill-156786/client/src/components/Dashboard/Dashboard.module.css
2025-08-13 10:15:49,530 - Knowledge - INFO - start ingest for /app/data/b2c/156786/b6407y0/accountill-156786/client/src/components/Settings/Settings.js
2025-08-13 10:15:49,015 - Knowledge - INFO - done fast ingest for /app/data/b2c/156786/b6407y0/accountill-156786/client/src/components/Payments/AddPayment.js
2025-08-13 10:15:49,823 - Knowledge - INFO - persist search terms embedding for client/src/components/Dashboard/Donut.js
2025-08-13 10:15:50,257 - Knowledge - INFO - Found code-base-name: https://github.com/kavia-common/accountill-156786.git:kavia-master
2025-08-13 10:15:50,259 - Knowledge - INFO - worker kw24 pull /app/data/b2c/156786/b6407y0/accountill-156786/client/src/components/Settings/Form/Input.js from ingest queue
2025-08-13 10:15:50,345 - Knowledge - INFO - Found code-base-name: https://github.com/kavia-common/accountill-156786.git:kavia-master
2025-08-13 10:15:50,346 - Knowledge - INFO - process ingested knowledge for /app/data/b2c/156786/b6407y0/accountill-156786/client/src/components/Payments/AddPayment.js
2025-08-13 10:15:50,349 - Knowledge - INFO - worker kw23 pull /app/data/b2c/156786/b6407y0/accountill-156786/client/src/components/Header/Header.module.css from ingest queue
2025-08-13 10:15:50,416 - Knowledge - INFO - Found code_base: <app.utils.kg_build.knowledge.KnowledgeCodeBase object at 0x7fee6a422810>
2025-08-13 10:15:50,586 - Knowledge - INFO - Thread kw24 - File Input.js - Remaining files in queue: 46
2025-08-13 10:15:50,698 - Knowledge - INFO - Found code_base: <app.utils.kg_build.knowledge.KnowledgeCodeBase object at 0x7fee6a422810>
2025-08-13 10:15:51,641 - Knowledge - INFO - persist ingested knowledge for /app/data/b2c/156786/b6407y0/accountill-156786/client/src/components/svgIcons/NoData.js
2025-08-13 10:15:50,877 - Knowledge - INFO - Found code-base-name: https://github.com/kavia-common/accountill-156786.git:kavia-master
2025-08-13 10:15:51,071 - Knowledge - INFO - Thread kw23 - File Header.module.css - Remaining files in queue: 45
2025-08-13 10:15:51,267 - Knowledge - INFO - persist ingested knowledge for /app/data/b2c/156786/b6407y0/accountill-156786/client/src/components/Settings/Form/Uploader.module.css
2025-08-13 10:15:51,433 - Knowledge - INFO - start ingest for /app/data/b2c/156786/b6407y0/accountill-156786/client/src/components/Settings/Form/Input.js
2025-08-13 10:15:50,807 - Knowledge - INFO - worker kw5 pull /app/data/b2c/156786/b6407y0/accountill-156786/client/src/components/Payments/DatePicker.js from ingest queue
2025-08-13 10:15:52,099 - Knowledge - INFO - Found code_base: <app.utils.kg_build.knowledge.KnowledgeCodeBase object at 0x7fee6a422810>
2025-08-13 10:15:52,877 - Knowledge - INFO - persist ingested knowledge for /app/data/b2c/156786/b6407y0/accountill-156786/client/src/components/Payments/AddPayment.js
2025-08-13 10:15:52,226 - Knowledge - INFO - start ingest for /app/data/b2c/156786/b6407y0/accountill-156786/client/src/components/Header/Header.module.css
2025-08-13 10:15:52,714 - Knowledge - INFO - Thread kw5 - File DatePicker.js - Remaining files in queue: 45
2025-08-13 10:15:53,187 - Knowledge - INFO - start ingest for /app/data/b2c/156786/b6407y0/accountill-156786/client/src/components/Payments/DatePicker.js
2025-08-13 10:15:53,043 - Knowledge - INFO - persist search terms embedding for client/src/components/svgIcons/NoData.js
2025-08-13 10:15:52,103 - Knowledge - INFO - done ingest for /app/data/b2c/156786/b6407y0/accountill-156786/client/src/components/Clients/ClientList.js
2025-08-13 10:15:53,351 - Knowledge - INFO - done ingest for /app/data/b2c/156786/b6407y0/accountill-156786/client/src/components/Dashboard/Icons.js
2025-08-13 10:15:53,637 - Knowledge - INFO - process ingested knowledge for /app/data/b2c/156786/b6407y0/accountill-156786/client/src/components/Clients/ClientList.js
2025-08-13 10:15:53,784 - Knowledge - INFO - process ingested knowledge for /app/data/b2c/156786/b6407y0/accountill-156786/client/src/components/Dashboard/Icons.js
2025-08-13 10:15:53,915 - Knowledge - INFO - worker kw10 pull /app/data/b2c/156786/b6407y0/accountill-156786/client/src/components/Login/Google.js from ingest queue
2025-08-13 10:15:53,925 - Knowledge - INFO - worker kw16 pull /app/data/b2c/156786/b6407y0/accountill-156786/client/src/components/Invoice/AddClient.js from ingest queue
2025-08-13 10:15:54,139 - Knowledge - INFO - Thread kw16 - File AddClient.js - Remaining files in queue: 42
2025-08-13 10:15:54,277 - Knowledge - INFO - start ingest for /app/data/b2c/156786/b6407y0/accountill-156786/client/src/components/Invoice/AddClient.js
2025-08-13 10:15:53,934 - Knowledge - INFO - Found code-base-name: https://github.com/kavia-common/accountill-156786.git:kavia-master
2025-08-13 10:15:54,005 - Knowledge - INFO - Thread kw10 - File Google.js - Remaining files in queue: 42
2025-08-13 10:15:53,926 - Knowledge - INFO - Found code-base-name: https://github.com/kavia-common/accountill-156786.git:kavia-master
2025-08-13 10:15:53,930 - Knowledge - INFO - worker kw14 pull /app/data/b2c/156786/b6407y0/accountill-156786/client/src/components/Login/styles.js from ingest queue
2025-08-13 10:15:54,532 - Knowledge - INFO - Found code_base: <app.utils.kg_build.knowledge.KnowledgeCodeBase object at 0x7fee6a422810>
2025-08-13 10:15:54,667 - Knowledge - INFO - start ingest for /app/data/b2c/156786/b6407y0/accountill-156786/client/src/components/Login/Google.js
2025-08-13 10:15:54,801 - Knowledge - INFO - Found code_base: <app.utils.kg_build.knowledge.KnowledgeCodeBase object at 0x7fee6a422810>
2025-08-13 10:15:54,887 - Knowledge - INFO - Thread kw14 - File styles.js - Remaining files in queue: 42
2025-08-13 10:15:54,990 - Knowledge - INFO - persist ingested knowledge for /app/data/b2c/156786/b6407y0/accountill-156786/client/src/components/Clients/ClientList.js
2025-08-13 10:15:55,200 - Knowledge - INFO - persist ingested knowledge for /app/data/b2c/156786/b6407y0/accountill-156786/client/src/components/Dashboard/Icons.js
2025-08-13 10:15:55,330 - Knowledge - INFO - start ingest for /app/data/b2c/156786/b6407y0/accountill-156786/client/src/components/Login/styles.js
2025-08-13 10:15:56,033 - Knowledge - INFO - persist search terms embedding for client/src/components/Clients/ClientList.js
2025-08-13 10:15:56,806 - Knowledge - INFO - persist search terms embedding for client/src/components/Dashboard/Icons.js
2025-08-13 10:15:56,952 - Knowledge - INFO - worker kw18 pull /app/data/b2c/156786/b6407y0/accountill-156786/client/src/components/Login/Login.module.css from ingest queue
2025-08-13 10:15:57,078 - Knowledge - INFO - Thread kw18 - File Login.module.css - Remaining files in queue: 40
2025-08-13 10:15:56,962 - Knowledge - INFO - worker kw15 pull /app/data/b2c/156786/b6407y0/accountill-156786/client/src/components/Header/Header.js from ingest queue
2025-08-13 10:15:57,355 - Knowledge - INFO - Thread kw15 - File Header.js - Remaining files in queue: 40
2025-08-13 10:15:57,484 - Knowledge - INFO - start ingest for /app/data/b2c/156786/b6407y0/accountill-156786/client/src/components/Header/Header.js
2025-08-13 10:15:57,232 - Knowledge - INFO - start ingest for /app/data/b2c/156786/b6407y0/accountill-156786/client/src/components/Login/Login.module.css
2025-08-13 10:15:58,775 - Knowledge - INFO - done ingest for /app/data/b2c/156786/b6407y0/accountill-156786/client/src/App.js
2025-08-13 10:15:58,943 - Knowledge - INFO - process ingested knowledge for /app/data/b2c/156786/b6407y0/accountill-156786/client/src/App.js
2025-08-13 10:15:59,041 - Knowledge - INFO - Found code-base-name: https://github.com/kavia-common/accountill-156786.git:kavia-master
2025-08-13 10:15:59,139 - Knowledge - INFO - Found code_base: <app.utils.kg_build.knowledge.KnowledgeCodeBase object at 0x7fee6a422810>
2025-08-13 10:15:59,284 - Knowledge - INFO - persist ingested knowledge for /app/data/b2c/156786/b6407y0/accountill-156786/client/src/App.js
2025-08-13 10:15:59,499 - Knowledge - INFO - done ingest for /app/data/b2c/156786/b6407y0/accountill-156786/client/src/components/NavBar/NavBar.js
2025-08-13 10:15:59,865 - Knowledge - INFO - process ingested knowledge for /app/data/b2c/156786/b6407y0/accountill-156786/client/src/components/NavBar/NavBar.js
2025-08-13 10:16:00,332 - Knowledge - INFO - persist search terms embedding for client/src/App.js
2025-08-13 10:16:00,461 - Knowledge - INFO - Found code-base-name: https://github.com/kavia-common/accountill-156786.git:kavia-master
2025-08-13 10:16:00,464 - Knowledge - INFO - worker kw1 pull /app/data/b2c/156786/b6407y0/accountill-156786/client/src/components/Login/Icon.js from ingest queue
2025-08-13 10:16:00,686 - Knowledge - INFO - Thread kw1 - File Icon.js - Remaining files in queue: 39
2025-08-13 10:16:00,547 - Knowledge - INFO - Found code_base: <app.utils.kg_build.knowledge.KnowledgeCodeBase object at 0x7fee6a422810>
2025-08-13 10:16:00,791 - Knowledge - INFO - start ingest for /app/data/b2c/156786/b6407y0/accountill-156786/client/src/components/Login/Icon.js
2025-08-13 10:16:00,909 - Knowledge - INFO - persist ingested knowledge for /app/data/b2c/156786/b6407y0/accountill-156786/client/src/components/NavBar/NavBar.js
2025-08-13 10:16:01,048 - Knowledge - INFO - Fast-track processing for simple file: /app/data/b2c/156786/b6407y0/accountill-156786/client/src/components/Login/Icon.js
2025-08-13 10:16:01,649 - Knowledge - INFO - done fast ingest for /app/data/b2c/156786/b6407y0/accountill-156786/client/src/components/Login/Icon.js
2025-08-13 10:16:01,903 - Knowledge - INFO - process ingested knowledge for /app/data/b2c/156786/b6407y0/accountill-156786/client/src/components/Login/Icon.js
2025-08-13 10:16:02,364 - Knowledge - INFO - persist search terms embedding for client/src/components/NavBar/NavBar.js
2025-08-13 10:16:02,498 - Knowledge - INFO - Found code-base-name: https://github.com/kavia-common/accountill-156786.git:kavia-master
2025-08-13 10:16:02,719 - Knowledge - INFO - Found code_base: <app.utils.kg_build.knowledge.KnowledgeCodeBase object at 0x7fee6a422810>
2025-08-13 10:16:02,864 - Knowledge - INFO - persist ingested knowledge for /app/data/b2c/156786/b6407y0/accountill-156786/client/src/components/Login/Icon.js
2025-08-13 10:16:02,500 - Knowledge - INFO - worker kw7 pull /app/data/b2c/156786/b6407y0/accountill-156786/client/src/components/Login/Field.js from ingest queue
2025-08-13 10:16:03,196 - Knowledge - INFO - Thread kw7 - File Field.js - Remaining files in queue: 38
2025-08-13 10:16:03,330 - Knowledge - INFO - start ingest for /app/data/b2c/156786/b6407y0/accountill-156786/client/src/components/Login/Field.js
2025-08-13 10:16:03,769 - Knowledge - INFO - worker kw1 pull /app/data/b2c/156786/b6407y0/accountill-156786/client/src/components/Home/Home.js from ingest queue
2025-08-13 10:16:03,859 - Knowledge - INFO - Thread kw1 - File Home.js - Remaining files in queue: 37
2025-08-13 10:16:04,058 - Knowledge - INFO - start ingest for /app/data/b2c/156786/b6407y0/accountill-156786/client/src/components/Home/Home.js
2025-08-13 10:16:05,860 - Knowledge - INFO - done ingest for /app/data/b2c/156786/b6407y0/accountill-156786/client/src/components/Dashboard/Chart.js
2025-08-13 10:16:06,132 - Knowledge - INFO - process ingested knowledge for /app/data/b2c/156786/b6407y0/accountill-156786/client/src/components/Dashboard/Chart.js
2025-08-13 10:16:06,224 - Knowledge - INFO - Found code-base-name: https://github.com/kavia-common/accountill-156786.git:kavia-master
2025-08-13 10:16:06,334 - Knowledge - INFO - Found code_base: <app.utils.kg_build.knowledge.KnowledgeCodeBase object at 0x7fee6a422810>
2025-08-13 10:16:06,474 - Knowledge - INFO - persist ingested knowledge for /app/data/b2c/156786/b6407y0/accountill-156786/client/src/components/Dashboard/Chart.js
2025-08-13 10:16:07,326 - Knowledge - INFO - persist search terms embedding for client/src/components/Dashboard/Chart.js
2025-08-13 10:16:07,458 - Knowledge - INFO - worker kw4 pull /app/data/b2c/156786/b6407y0/accountill-156786/client/src/components/Invoice/Invoice.module.css from ingest queue
2025-08-13 10:16:07,560 - Knowledge - INFO - Thread kw4 - File Invoice.module.css - Remaining files in queue: 36
2025-08-13 10:16:07,649 - Knowledge - INFO - start ingest for /app/data/b2c/156786/b6407y0/accountill-156786/client/src/components/Invoice/Invoice.module.css
2025-08-13 10:16:09,293 - Knowledge - INFO - done ingest for /app/data/b2c/156786/b6407y0/accountill-156786/client/src/components/Settings/Form/icon.js
2025-08-13 10:16:09,465 - Knowledge - INFO - process ingested knowledge for /app/data/b2c/156786/b6407y0/accountill-156786/client/src/components/Settings/Form/icon.js
2025-08-13 10:16:09,570 - Knowledge - INFO - Found code-base-name: https://github.com/kavia-common/accountill-156786.git:kavia-master
2025-08-13 10:16:09,658 - Knowledge - INFO - Found code_base: <app.utils.kg_build.knowledge.KnowledgeCodeBase object at 0x7fee6a422810>
2025-08-13 10:16:09,769 - Knowledge - INFO - persist ingested knowledge for /app/data/b2c/156786/b6407y0/accountill-156786/client/src/components/Settings/Form/icon.js
2025-08-13 10:16:10,582 - Knowledge - INFO - persist search terms embedding for client/src/components/Settings/Form/icon.js
2025-08-13 10:16:10,734 - Knowledge - INFO - worker kw19 pull /app/data/b2c/156786/b6407y0/accountill-156786/client/src/components/Invoice/SelectType.js from ingest queue
2025-08-13 10:16:10,833 - Knowledge - INFO - Thread kw19 - File SelectType.js - Remaining files in queue: 35
2025-08-13 10:16:10,931 - Knowledge - INFO - start ingest for /app/data/b2c/156786/b6407y0/accountill-156786/client/src/components/Invoice/SelectType.js
2025-08-13 10:16:13,197 - Knowledge - INFO - done ingest for /app/data/b2c/156786/b6407y0/accountill-156786/client/src/components/Clients/Clients.js
2025-08-13 10:16:13,453 - Knowledge - INFO - process ingested knowledge for /app/data/b2c/156786/b6407y0/accountill-156786/client/src/components/Clients/Clients.js
2025-08-13 10:16:13,574 - Knowledge - INFO - Found code-base-name: https://github.com/kavia-common/accountill-156786.git:kavia-master
2025-08-13 10:16:13,670 - Knowledge - INFO - Found code_base: <app.utils.kg_build.knowledge.KnowledgeCodeBase object at 0x7fee6a422810>
2025-08-13 10:16:13,760 - Knowledge - INFO - persist ingested knowledge for /app/data/b2c/156786/b6407y0/accountill-156786/client/src/components/Clients/Clients.js
2025-08-13 10:16:14,411 - Knowledge - INFO - persist search terms embedding for client/src/components/Clients/Clients.js
2025-08-13 10:16:14,529 - Knowledge - INFO - worker kw3 pull /app/data/b2c/156786/b6407y0/accountill-156786/client/src/components/Invoice/InvoiceType.js from ingest queue
2025-08-13 10:16:14,530 - Knowledge - INFO - done ingest for /app/data/b2c/156786/b6407y0/accountill-156786/client/src/components/Header/Header.module.css
2025-08-13 10:16:14,630 - Knowledge - INFO - Thread kw3 - File InvoiceType.js - Remaining files in queue: 34
2025-08-13 10:16:14,728 - Knowledge - INFO - process ingested knowledge for /app/data/b2c/156786/b6407y0/accountill-156786/client/src/components/Header/Header.module.css
2025-08-13 10:16:14,829 - Knowledge - INFO - start ingest for /app/data/b2c/156786/b6407y0/accountill-156786/client/src/components/Invoice/InvoiceType.js
2025-08-13 10:16:14,928 - Knowledge - INFO - done ingest for /app/data/b2c/156786/b6407y0/accountill-156786/client/src/components/Settings/Settings.module.css
2025-08-13 10:16:14,931 - Knowledge - INFO - Found code-base-name: https://github.com/kavia-common/accountill-156786.git:kavia-master
2025-08-13 10:16:15,123 - Knowledge - INFO - process ingested knowledge for /app/data/b2c/156786/b6407y0/accountill-156786/client/src/components/Settings/Settings.module.css
2025-08-13 10:16:15,235 - Knowledge - INFO - Found code_base: <app.utils.kg_build.knowledge.KnowledgeCodeBase object at 0x7fee6a422810>
2025-08-13 10:16:15,338 - Knowledge - INFO - Found code-base-name: https://github.com/kavia-common/accountill-156786.git:kavia-master
2025-08-13 10:16:15,434 - Knowledge - INFO - persist ingested knowledge for /app/data/b2c/156786/b6407y0/accountill-156786/client/src/components/Header/Header.module.css
2025-08-13 10:16:15,549 - Knowledge - INFO - Found code_base: <app.utils.kg_build.knowledge.KnowledgeCodeBase object at 0x7fee6a422810>
2025-08-13 10:16:15,842 - Knowledge - INFO - persist ingested knowledge for /app/data/b2c/156786/b6407y0/accountill-156786/client/src/components/Settings/Settings.module.css
2025-08-13 10:16:16,649 - Knowledge - INFO - persist search terms embedding for client/src/components/Settings/Settings.module.css
2025-08-13 10:16:16,748 - Knowledge - INFO - worker kw23 pull /app/data/b2c/156786/b6407y0/accountill-156786/client/src/components/Password/Forgot.js from ingest queue
2025-08-13 10:16:16,751 - Knowledge - INFO - worker kw17 pull /app/data/b2c/156786/b6407y0/accountill-156786/client/src/components/Password/Reset.js from ingest queue
2025-08-13 10:16:16,842 - Knowledge - INFO - Thread kw23 - File Forgot.js - Remaining files in queue: 32
2025-08-13 10:16:16,982 - Knowledge - INFO - Thread kw17 - File Reset.js - Remaining files in queue: 32
2025-08-13 10:16:17,103 - Knowledge - INFO - start ingest for /app/data/b2c/156786/b6407y0/accountill-156786/client/src/components/Password/Forgot.js
2025-08-13 10:16:17,243 - Knowledge - INFO - start ingest for /app/data/b2c/156786/b6407y0/accountill-156786/client/src/components/Password/Reset.js
2025-08-13 10:16:19,972 - Knowledge - INFO - done ingest for /app/data/b2c/156786/b6407y0/accountill-156786/client/src/components/Dashboard/Dashboard.js
2025-08-13 10:16:19,982 - Knowledge - INFO - done ingest for /app/data/b2c/156786/b6407y0/accountill-156786/client/src/components/Login/Login.module.css
2025-08-13 10:16:20,160 - Knowledge - INFO - process ingested knowledge for /app/data/b2c/156786/b6407y0/accountill-156786/client/src/components/Dashboard/Dashboard.js
2025-08-13 10:16:20,166 - Knowledge - INFO - process ingested knowledge for /app/data/b2c/156786/b6407y0/accountill-156786/client/src/components/Login/Login.module.css
2025-08-13 10:16:20,276 - Knowledge - INFO - Found code-base-name: https://github.com/kavia-common/accountill-156786.git:kavia-master
2025-08-13 10:16:20,385 - Knowledge - INFO - Found code-base-name: https://github.com/kavia-common/accountill-156786.git:kavia-master
2025-08-13 10:16:20,490 - Knowledge - INFO - Found code_base: <app.utils.kg_build.knowledge.KnowledgeCodeBase object at 0x7fee6a422810>
2025-08-13 10:16:20,601 - Knowledge - INFO - Found code_base: <app.utils.kg_build.knowledge.KnowledgeCodeBase object at 0x7fee6a422810>
2025-08-13 10:16:20,729 - Knowledge - INFO - persist ingested knowledge for /app/data/b2c/156786/b6407y0/accountill-156786/client/src/components/Dashboard/Dashboard.js
2025-08-13 10:16:20,864 - Knowledge - INFO - persist ingested knowledge for /app/data/b2c/156786/b6407y0/accountill-156786/client/src/components/Login/Login.module.css
2025-08-13 10:16:21,510 - Knowledge - INFO - persist search terms embedding for client/src/components/Dashboard/Dashboard.js
2025-08-13 10:16:21,715 - Knowledge - INFO - done ingest for /app/data/b2c/156786/b6407y0/accountill-156786/client/src/components/Settings/Form/Uploader.js
2025-08-13 10:16:21,825 - Knowledge - INFO - worker kw11 pull /app/data/b2c/156786/b6407y0/accountill-156786/client/src/components/Invoice/Invoice.js from ingest queue
2025-08-13 10:16:21,825 - Knowledge - INFO - worker kw18 pull /app/data/b2c/156786/b6407y0/accountill-156786/client/src/components/InvoiceDetails/InvoiceDetails.module.css from ingest queue
2025-08-13 10:16:22,066 - Knowledge - INFO - Thread kw18 - File InvoiceDetails.module.css - Remaining files in queue: 30
2025-08-13 10:16:21,954 - Knowledge - INFO - Thread kw11 - File Invoice.js - Remaining files in queue: 30
2025-08-13 10:16:21,885 - Knowledge - INFO - process ingested knowledge for /app/data/b2c/156786/b6407y0/accountill-156786/client/src/components/Settings/Form/Uploader.js
2025-08-13 10:16:22,098 - Knowledge - INFO - done ingest for /app/data/b2c/156786/b6407y0/accountill-156786/client/src/components/Invoice/Invoice.module.css
2025-08-13 10:16:22,159 - Knowledge - INFO - start ingest for /app/data/b2c/156786/b6407y0/accountill-156786/client/src/components/InvoiceDetails/InvoiceDetails.module.css
2025-08-13 10:16:22,271 - Knowledge - INFO - start ingest for /app/data/b2c/156786/b6407y0/accountill-156786/client/src/components/Invoice/Invoice.js
2025-08-13 10:16:22,360 - Knowledge - INFO - Found code-base-name: https://github.com/kavia-common/accountill-156786.git:kavia-master
2025-08-13 10:16:22,464 - Knowledge - INFO - process ingested knowledge for /app/data/b2c/156786/b6407y0/accountill-156786/client/src/components/Invoice/Invoice.module.css
2025-08-13 10:16:22,682 - Knowledge - INFO - done ingest for /app/data/b2c/156786/b6407y0/accountill-156786/client/src/components/Login/styles.js
2025-08-13 10:16:22,854 - Knowledge - INFO - Found code_base: <app.utils.kg_build.knowledge.KnowledgeCodeBase object at 0x7fee6a422810>
2025-08-13 10:16:22,936 - Knowledge - INFO - Found code-base-name: https://github.com/kavia-common/accountill-156786.git:kavia-master
2025-08-13 10:16:23,168 - Knowledge - INFO - process ingested knowledge for /app/data/b2c/156786/b6407y0/accountill-156786/client/src/components/Login/styles.js
2025-08-13 10:16:23,172 - Knowledge - INFO - persist ingested knowledge for /app/data/b2c/156786/b6407y0/accountill-156786/client/src/components/Settings/Form/Uploader.js
2025-08-13 10:16:23,186 - Knowledge - INFO - done ingest for /app/data/b2c/156786/b6407y0/accountill-156786/client/src/components/Login/Google.js
2025-08-13 10:16:23,263 - Knowledge - INFO - Found code_base: <app.utils.kg_build.knowledge.KnowledgeCodeBase object at 0x7fee6a422810>
2025-08-13 10:16:23,348 - Knowledge - INFO - Found code-base-name: https://github.com/kavia-common/accountill-156786.git:kavia-master
2025-08-13 10:16:23,605 - Knowledge - INFO - process ingested knowledge for /app/data/b2c/156786/b6407y0/accountill-156786/client/src/components/Login/Google.js
2025-08-13 10:16:23,702 - Knowledge - INFO - persist ingested knowledge for /app/data/b2c/156786/b6407y0/accountill-156786/client/src/components/Invoice/Invoice.module.css
2025-08-13 10:16:23,836 - Knowledge - INFO - Found code_base: <app.utils.kg_build.knowledge.KnowledgeCodeBase object at 0x7fee6a422810>
2025-08-13 10:16:23,987 - Knowledge - INFO - persist search terms embedding for client/src/components/Settings/Form/Uploader.js
2025-08-13 10:16:24,260 - Knowledge - INFO - persist ingested knowledge for /app/data/b2c/156786/b6407y0/accountill-156786/client/src/components/Login/styles.js
2025-08-13 10:16:24,314 - Knowledge - INFO - done ingest for /app/data/b2c/156786/b6407y0/accountill-156786/client/src/components/Settings/Settings.js
2025-08-13 10:16:24,401 - Knowledge - INFO - Found code-base-name: https://github.com/kavia-common/accountill-156786.git:kavia-master
2025-08-13 10:16:24,434 - Knowledge - INFO - done ingest for /app/data/b2c/156786/b6407y0/accountill-156786/client/src/components/Settings/Form/styles.js
2025-08-13 10:16:24,667 - Knowledge - INFO - worker kw22 pull /app/data/b2c/156786/b6407y0/accountill-156786/client/src/components/Password/Password.module.css from ingest queue
2025-08-13 10:16:24,719 - Knowledge - INFO - process ingested knowledge for /app/data/b2c/156786/b6407y0/accountill-156786/client/src/components/Settings/Settings.js
2025-08-13 10:16:24,811 - Knowledge - INFO - Found code_base: <app.utils.kg_build.knowledge.KnowledgeCodeBase object at 0x7fee6a422810>
2025-08-13 10:16:24,990 - Knowledge - INFO - process ingested knowledge for /app/data/b2c/156786/b6407y0/accountill-156786/client/src/components/Settings/Form/styles.js
2025-08-13 10:16:25,059 - Knowledge - INFO - Thread kw22 - File Password.module.css - Remaining files in queue: 29
2025-08-13 10:16:25,263 - Knowledge - INFO - persist search terms embedding for client/src/components/Login/styles.js
2025-08-13 10:16:25,274 - Knowledge - INFO - persist ingested knowledge for /app/data/b2c/156786/b6407y0/accountill-156786/client/src/components/Login/Google.js
2025-08-13 10:16:25,513 - Knowledge - INFO - start ingest for /app/data/b2c/156786/b6407y0/accountill-156786/client/src/components/Password/Password.module.css
2025-08-13 10:16:25,640 - Knowledge - INFO - worker kw4 pull /app/data/b2c/156786/b6407y0/accountill-156786/client/src/components/Home/Home.module.css from ingest queue
2025-08-13 10:16:25,668 - Knowledge - INFO - Found code-base-name: https://github.com/kavia-common/accountill-156786.git:kavia-master
2025-08-13 10:16:25,672 - Knowledge - INFO - Found code-base-name: https://github.com/kavia-common/accountill-156786.git:kavia-master
2025-08-13 10:16:25,685 - Knowledge - INFO - worker kw14 pull /app/data/b2c/156786/b6407y0/accountill-156786/client/src/components/Login/Login.js from ingest queue
2025-08-13 10:16:26,446 - Knowledge - INFO - Thread kw14 - File Login.js - Remaining files in queue: 27
2025-08-13 10:16:25,942 - Knowledge - INFO - Fast-track processing for simple file: /app/data/b2c/156786/b6407y0/accountill-156786/client/src/components/Password/Password.module.css
2025-08-13 10:16:25,954 - Knowledge - INFO - done ingest for /app/data/b2c/156786/b6407y0/accountill-156786/client/src/components/Settings/Form/Input.js
2025-08-13 10:16:26,049 - Knowledge - INFO - Thread kw4 - File Home.module.css - Remaining files in queue: 27
2025-08-13 10:16:26,177 - Knowledge - INFO - Found code_base: <app.utils.kg_build.knowledge.KnowledgeCodeBase object at 0x7fee6a422810>
2025-08-13 10:16:26,290 - Knowledge - INFO - Found code_base: <app.utils.kg_build.knowledge.KnowledgeCodeBase object at 0x7fee6a422810>
2025-08-13 10:16:26,417 - Knowledge - INFO - persist search terms embedding for client/src/components/Login/Google.js
2025-08-13 10:16:25,719 - Knowledge - INFO - done ingest for /app/data/b2c/156786/b6407y0/accountill-156786/client/src/components/Settings/Form/Form.js
2025-08-13 10:16:26,583 - Knowledge - INFO - start ingest for /app/data/b2c/156786/b6407y0/accountill-156786/client/src/components/Login/Login.js
2025-08-13 10:16:26,687 - Knowledge - INFO - done fast ingest for /app/data/b2c/156786/b6407y0/accountill-156786/client/src/components/Password/Password.module.css
2025-08-13 10:16:26,864 - Knowledge - INFO - process ingested knowledge for /app/data/b2c/156786/b6407y0/accountill-156786/client/src/components/Settings/Form/Input.js
2025-08-13 10:16:26,981 - Knowledge - INFO - start ingest for /app/data/b2c/156786/b6407y0/accountill-156786/client/src/components/Home/Home.module.css
2025-08-13 10:16:27,117 - Knowledge - INFO - persist ingested knowledge for /app/data/b2c/156786/b6407y0/accountill-156786/client/src/components/Settings/Settings.js
2025-08-13 10:16:27,208 - Knowledge - INFO - done ingest for /app/data/b2c/156786/b6407y0/accountill-156786/client/src/components/Fab/Fab.js
2025-08-13 10:16:27,234 - Knowledge - INFO - persist ingested knowledge for /app/data/b2c/156786/b6407y0/accountill-156786/client/src/components/Settings/Form/styles.js
2025-08-13 10:16:27,336 - Knowledge - INFO - worker kw10 pull /app/data/b2c/156786/b6407y0/accountill-156786/client/src/components/Icons.js from ingest queue
2025-08-13 10:16:27,512 - Knowledge - INFO - process ingested knowledge for /app/data/b2c/156786/b6407y0/accountill-156786/client/src/components/Settings/Form/Form.js
2025-08-13 10:16:27,697 - Knowledge - INFO - process ingested knowledge for /app/data/b2c/156786/b6407y0/accountill-156786/client/src/components/Password/Password.module.css
2025-08-13 10:16:27,819 - Knowledge - INFO - Found code-base-name: https://github.com/kavia-common/accountill-156786.git:kavia-master
2025-08-13 10:16:28,274 - Knowledge - INFO - process ingested knowledge for /app/data/b2c/156786/b6407y0/accountill-156786/client/src/components/Fab/Fab.js
2025-08-13 10:16:28,455 - Knowledge - INFO - Thread kw10 - File Icons.js - Remaining files in queue: 26
2025-08-13 10:16:28,725 - Knowledge - INFO - persist search terms embedding for client/src/components/Settings/Settings.js
2025-08-13 10:16:28,798 - Knowledge - INFO - Found code_base: <app.utils.kg_build.knowledge.KnowledgeCodeBase object at 0x7fee6a422810>
2025-08-13 10:16:29,067 - Knowledge - INFO - start ingest for /app/data/b2c/156786/b6407y0/accountill-156786/client/src/components/Icons.js
2025-08-13 10:16:29,280 - Knowledge - INFO - persist ingested knowledge for /app/data/b2c/156786/b6407y0/accountill-156786/client/src/components/Settings/Form/Input.js
2025-08-13 10:16:29,677 - Knowledge - INFO - done ingest for /app/data/b2c/156786/b6407y0/accountill-156786/client/src/components/svgIcons/Empty.js
2025-08-13 10:16:29,875 - Knowledge - INFO - process ingested knowledge for /app/data/b2c/156786/b6407y0/accountill-156786/client/src/components/svgIcons/Empty.js
2025-08-13 10:16:29,887 - Knowledge - INFO - persist search terms embedding for client/src/components/Settings/Form/styles.js
2025-08-13 10:16:30,087 - Knowledge - INFO - Found code-base-name: https://github.com/kavia-common/accountill-156786.git:kavia-master
2025-08-13 10:16:30,088 - Knowledge - INFO - Found code-base-name: https://github.com/kavia-common/accountill-156786.git:kavia-master
2025-08-13 10:16:30,089 - Knowledge - INFO - Found code-base-name: https://github.com/kavia-common/accountill-156786.git:kavia-master
2025-08-13 10:16:30,096 - Knowledge - INFO - worker kw21 pull /app/data/b2c/156786/b6407y0/accountill-156786/client/src/components/Footer/Footer.module.css from ingest queue
2025-08-13 10:16:30,185 - Knowledge - INFO - Found code_base: <app.utils.kg_build.knowledge.KnowledgeCodeBase object at 0x7fee6a422810>
2025-08-13 10:16:30,298 - Knowledge - INFO - Found code_base: <app.utils.kg_build.knowledge.KnowledgeCodeBase object at 0x7fee6a422810>
2025-08-13 10:16:30,469 - Knowledge - INFO - Found code_base: <app.utils.kg_build.knowledge.KnowledgeCodeBase object at 0x7fee6a422810>
2025-08-13 10:16:30,981 - Knowledge - INFO - persist ingested knowledge for /app/data/b2c/156786/b6407y0/accountill-156786/client/src/components/Fab/Fab.js
2025-08-13 10:16:30,723 - Knowledge - INFO - persist ingested knowledge for /app/data/b2c/156786/b6407y0/accountill-156786/client/src/components/Settings/Form/Form.js
2025-08-13 10:16:30,732 - Knowledge - INFO - persist search terms embedding for client/src/components/Settings/Form/Input.js
2025-08-13 10:16:30,772 - Knowledge - INFO - done ingest for /app/data/b2c/156786/b6407y0/accountill-156786/client/src/components/InvoiceDetails/InvoiceDetails.module.css
2025-08-13 10:16:30,841 - Knowledge - INFO - persist ingested knowledge for /app/data/b2c/156786/b6407y0/accountill-156786/client/src/components/Password/Password.module.css
2025-08-13 10:16:30,601 - Knowledge - INFO - Thread kw21 - File Footer.module.css - Remaining files in queue: 25
2025-08-13 10:16:31,223 - Knowledge - INFO - done ingest for /app/data/b2c/156786/b6407y0/accountill-156786/client/src/components/Settings/Form/Profile.js
2025-08-13 10:16:31,347 - Knowledge - INFO - worker kw12 pull /app/data/b2c/156786/b6407y0/accountill-156786/client/src/components/InvoiceDetails/InvoiceDetails.js from ingest queue
2025-08-13 10:16:31,989 - Knowledge - INFO - Thread kw12 - File InvoiceDetails.js - Remaining files in queue: 24
2025-08-13 10:16:31,718 - Knowledge - INFO - start ingest for /app/data/b2c/156786/b6407y0/accountill-156786/client/src/components/Footer/Footer.module.css
2025-08-13 10:16:31,871 - Knowledge - INFO - process ingested knowledge for /app/data/b2c/156786/b6407y0/accountill-156786/client/src/components/Settings/Form/Profile.js
2025-08-13 10:16:31,947 - Knowledge - INFO - persist search terms embedding for client/src/components/Fab/Fab.js
2025-08-13 10:16:31,473 - Knowledge - INFO - process ingested knowledge for /app/data/b2c/156786/b6407y0/accountill-156786/client/src/components/InvoiceDetails/InvoiceDetails.module.css
2025-08-13 10:16:32,091 - Knowledge - INFO - start ingest for /app/data/b2c/156786/b6407y0/accountill-156786/client/src/components/InvoiceDetails/InvoiceDetails.js
2025-08-13 10:16:32,196 - Knowledge - INFO - Fast-track processing for simple file: /app/data/b2c/156786/b6407y0/accountill-156786/client/src/components/Footer/Footer.module.css
2025-08-13 10:16:32,628 - Knowledge - INFO - done ingest for /app/data/b2c/156786/b6407y0/accountill-156786/client/src/components/Home/Home.js
2025-08-13 10:16:32,997 - Knowledge - INFO - done fast ingest for /app/data/b2c/156786/b6407y0/accountill-156786/client/src/components/Footer/Footer.module.css
2025-08-13 10:16:33,004 - Knowledge - INFO - done ingest for /app/data/b2c/156786/b6407y0/accountill-156786/client/src/components/Clients/AddClient.js
2025-08-13 10:16:33,189 - Knowledge - INFO - process ingested knowledge for /app/data/b2c/156786/b6407y0/accountill-156786/client/src/components/Home/Home.js
2025-08-13 10:16:33,266 - Knowledge - INFO - process ingested knowledge for /app/data/b2c/156786/b6407y0/accountill-156786/client/src/components/Footer/Footer.module.css
2025-08-13 10:16:33,406 - Knowledge - INFO - persist search terms embedding for client/src/components/Settings/Form/Form.js
2025-08-13 10:16:33,424 - Knowledge - INFO - process ingested knowledge for /app/data/b2c/156786/b6407y0/accountill-156786/client/src/components/Clients/AddClient.js
2025-08-13 10:16:33,671 - Knowledge - INFO - worker kw24 pull /app/data/b2c/156786/b6407y0/accountill-156786/client/src/components/Spinner/Spinner.module.css from ingest queue
2025-08-13 10:16:33,889 - Knowledge - INFO - Thread kw24 - File Spinner.module.css - Remaining files in queue: 23
2025-08-13 10:16:33,980 - Knowledge - INFO - Found code-base-name: https://github.com/kavia-common/accountill-156786.git:kavia-master
2025-08-13 10:16:34,105 - Knowledge - INFO - Found code_base: <app.utils.kg_build.knowledge.KnowledgeCodeBase object at 0x7fee6a422810>
2025-08-13 10:16:33,983 - Knowledge - INFO - Found code-base-name: https://github.com/kavia-common/accountill-156786.git:kavia-master
2025-08-13 10:16:33,986 - Knowledge - INFO - Found code-base-name: https://github.com/kavia-common/accountill-156786.git:kavia-master
2025-08-13 10:16:33,991 - Knowledge - INFO - worker kw2 pull /app/data/b2c/156786/b6407y0/accountill-156786/client/src/actions/clientActions.js from ingest queue
2025-08-13 10:16:33,993 - Knowledge - INFO - Found code-base-name: https://github.com/kavia-common/accountill-156786.git:kavia-master
2025-08-13 10:16:33,999 - Knowledge - INFO - worker kw22 pull /app/data/b2c/156786/b6407y0/accountill-156786/client/src/components/InvoiceDetails/PaymentHistory.js from ingest queue
2025-08-13 10:16:34,013 - Knowledge - INFO - start ingest for /app/data/b2c/156786/b6407y0/accountill-156786/client/src/components/Spinner/Spinner.module.css
2025-08-13 10:16:34,017 - Knowledge - INFO - Found code-base-name: https://github.com/kavia-common/accountill-156786.git:kavia-master
2025-08-13 10:16:34,020 - Knowledge - INFO - Found code-base-name: https://github.com/kavia-common/accountill-156786.git:kavia-master
2025-08-13 10:16:33,981 - Knowledge - INFO - worker kw13 pull /app/data/b2c/156786/b6407y0/accountill-156786/client/src/components/Password/styles.js from ingest queue
2025-08-13 10:16:34,225 - Knowledge - INFO - persist ingested knowledge for /app/data/b2c/156786/b6407y0/accountill-156786/client/src/components/Settings/Form/Profile.js
2025-08-13 10:16:34,317 - Knowledge - INFO - done ingest for /app/data/b2c/156786/b6407y0/accountill-156786/client/src/components/Payments/DatePicker.js
2025-08-13 10:16:34,328 - Knowledge - INFO - Found code_base: <app.utils.kg_build.knowledge.KnowledgeCodeBase object at 0x7fee6a422810>
2025-08-13 10:16:35,682 - Knowledge - INFO - persist ingested knowledge for /app/data/b2c/156786/b6407y0/accountill-156786/client/src/components/Home/Home.js
2025-08-13 10:16:34,579 - Knowledge - INFO - Thread kw2 - File clientActions.js - Remaining files in queue: 20
2025-08-13 10:16:34,712 - Knowledge - INFO - Found code_base: <app.utils.kg_build.knowledge.KnowledgeCodeBase object at 0x7fee6a422810>
2025-08-13 10:16:34,813 - Knowledge - INFO - Thread kw22 - File PaymentHistory.js - Remaining files in queue: 20
2025-08-13 10:16:35,038 - Knowledge - INFO - Found code_base: <app.utils.kg_build.knowledge.KnowledgeCodeBase object at 0x7fee6a422810>
2025-08-13 10:16:36,244 - Knowledge - INFO - persist ingested knowledge for /app/data/b2c/156786/b6407y0/accountill-156786/client/src/components/svgIcons/Empty.js
2025-08-13 10:16:35,273 - Knowledge - INFO - Thread kw13 - File styles.js - Remaining files in queue: 20
2025-08-13 10:16:35,599 - Knowledge - INFO - process ingested knowledge for /app/data/b2c/156786/b6407y0/accountill-156786/client/src/components/Payments/DatePicker.js
2025-08-13 10:16:35,600 - Knowledge - INFO - done ingest for /app/data/b2c/156786/b6407y0/accountill-156786/client/src/components/Home/Home.module.css
2025-08-13 10:16:34,465 - Knowledge - INFO - Found code_base: <app.utils.kg_build.knowledge.KnowledgeCodeBase object at 0x7fee6a422810>
2025-08-13 10:16:35,764 - Knowledge - INFO - done ingest for /app/data/b2c/156786/b6407y0/accountill-156786/client/src/components/Invoice/SelectType.js
2025-08-13 10:16:35,905 - Knowledge - INFO - start ingest for /app/data/b2c/156786/b6407y0/accountill-156786/client/src/actions/clientActions.js
2025-08-13 10:16:36,002 - Knowledge - INFO - persist ingested knowledge for /app/data/b2c/156786/b6407y0/accountill-156786/client/src/components/Clients/AddClient.js
2025-08-13 10:16:36,003 - Knowledge - INFO - persist search terms embedding for client/src/components/Settings/Form/Profile.js
2025-08-13 10:16:36,092 - Knowledge - INFO - start ingest for /app/data/b2c/156786/b6407y0/accountill-156786/client/src/components/InvoiceDetails/PaymentHistory.js
2025-08-13 10:16:35,149 - Knowledge - INFO - Found code_base: <app.utils.kg_build.knowledge.KnowledgeCodeBase object at 0x7fee6a422810>
2025-08-13 10:16:37,660 - Knowledge - INFO - persist ingested knowledge for /app/data/b2c/156786/b6407y0/accountill-156786/client/src/components/InvoiceDetails/InvoiceDetails.module.css
2025-08-13 10:16:36,651 - Knowledge - INFO - done ingest for /app/data/b2c/156786/b6407y0/accountill-156786/client/src/components/Login/Field.js
2025-08-13 10:16:36,765 - Knowledge - INFO - process ingested knowledge for /app/data/b2c/156786/b6407y0/accountill-156786/client/src/components/Home/Home.module.css
2025-08-13 10:16:36,843 - Knowledge - INFO - persist ingested knowledge for /app/data/b2c/156786/b6407y0/accountill-156786/client/src/components/Footer/Footer.module.css
2025-08-13 10:16:37,089 - Knowledge - INFO - process ingested knowledge for /app/data/b2c/156786/b6407y0/accountill-156786/client/src/components/Invoice/SelectType.js
2025-08-13 10:16:36,456 - Knowledge - INFO - start ingest for /app/data/b2c/156786/b6407y0/accountill-156786/client/src/components/Password/styles.js
2025-08-13 10:16:37,970 - Knowledge - INFO - process ingested knowledge for /app/data/b2c/156786/b6407y0/accountill-156786/client/src/components/Login/Field.js
2025-08-13 10:16:38,191 - Knowledge - INFO - persist search terms embedding for client/src/components/Home/Home.js
2025-08-13 10:16:38,361 - Knowledge - INFO - Fast-track processing for simple file: /app/data/b2c/156786/b6407y0/accountill-156786/client/src/components/Password/styles.js
2025-08-13 10:16:38,731 - Knowledge - INFO - done fast ingest for /app/data/b2c/156786/b6407y0/accountill-156786/client/src/components/Password/styles.js
2025-08-13 10:16:38,957 - Knowledge - INFO - process ingested knowledge for /app/data/b2c/156786/b6407y0/accountill-156786/client/src/components/Password/styles.js
2025-08-13 10:16:39,768 - Knowledge - INFO - done ingest for /app/data/b2c/156786/b6407y0/accountill-156786/client/src/components/Payments/Modal.js
2025-08-13 10:16:39,938 - Knowledge - INFO - process ingested knowledge for /app/data/b2c/156786/b6407y0/accountill-156786/client/src/components/Payments/Modal.js
2025-08-13 10:16:40,196 - Knowledge - INFO - persist search terms embedding for client/src/components/svgIcons/Empty.js
2025-08-13 10:16:40,296 - Knowledge - INFO - Found code-base-name: https://github.com/kavia-common/accountill-156786.git:kavia-master
2025-08-13 10:16:40,393 - Knowledge - INFO - Found code_base: <app.utils.kg_build.knowledge.KnowledgeCodeBase object at 0x7fee6a422810>
2025-08-13 10:16:40,508 - Knowledge - INFO - persist ingested knowledge for /app/data/b2c/156786/b6407y0/accountill-156786/client/src/components/Payments/DatePicker.js
2025-08-13 10:16:40,779 - Knowledge - INFO - done ingest for /app/data/b2c/156786/b6407y0/accountill-156786/client/src/components/Spinner/Spinner.module.css
2025-08-13 10:16:40,835 - Knowledge - INFO - persist search terms embedding for client/src/components/Clients/AddClient.js
2025-08-13 10:16:40,918 - Knowledge - INFO - process ingested knowledge for /app/data/b2c/156786/b6407y0/accountill-156786/client/src/components/Spinner/Spinner.module.css
2025-08-13 10:16:41,075 - Knowledge - INFO - worker kw6 pull /app/data/b2c/156786/b6407y0/accountill-156786/client/src/actions/profile.js from ingest queue
2025-08-13 10:16:41,077 - Knowledge - INFO - Found code-base-name: https://github.com/kavia-common/accountill-156786.git:kavia-master
2025-08-13 10:16:41,131 - Knowledge - INFO - done ingest for /app/data/b2c/156786/b6407y0/accountill-156786/client/src/components/Password/Reset.js
2025-08-13 10:16:41,276 - Knowledge - INFO - Thread kw6 - File profile.js - Remaining files in queue: 19
2025-08-13 10:16:41,276 - Knowledge - INFO - Found code-base-name: https://github.com/kavia-common/accountill-156786.git:kavia-master
2025-08-13 10:16:41,280 - Knowledge - INFO - Found code-base-name: https://github.com/kavia-common/accountill-156786.git:kavia-master
2025-08-13 10:16:41,834 - Knowledge - INFO - Found code_base: <app.utils.kg_build.knowledge.KnowledgeCodeBase object at 0x7fee6a422810>
2025-08-13 10:16:41,283 - Knowledge - INFO - Found code-base-name: https://github.com/kavia-common/accountill-156786.git:kavia-master
2025-08-13 10:16:41,290 - Knowledge - INFO - worker kw8 pull /app/data/b2c/156786/b6407y0/accountill-156786/client/src/actions/constants.js from ingest queue
2025-08-13 10:16:41,379 - Knowledge - INFO - Found code_base: <app.utils.kg_build.knowledge.KnowledgeCodeBase object at 0x7fee6a422810>
2025-08-13 10:16:42,301 - Knowledge - INFO - persist ingested knowledge for /app/data/b2c/156786/b6407y0/accountill-156786/client/src/components/Home/Home.module.css
2025-08-13 10:16:41,599 - Knowledge - INFO - Found code-base-name: https://github.com/kavia-common/accountill-156786.git:kavia-master
2025-08-13 10:16:41,604 - Knowledge - INFO - Found code-base-name: https://github.com/kavia-common/accountill-156786.git:kavia-master
2025-08-13 10:16:41,613 - Knowledge - INFO - process ingested knowledge for /app/data/b2c/156786/b6407y0/accountill-156786/client/src/components/Password/Reset.js
2025-08-13 10:16:41,619 - Knowledge - INFO - start ingest for /app/data/b2c/156786/b6407y0/accountill-156786/client/src/actions/profile.js
2025-08-13 10:16:41,707 - Knowledge - INFO - Found code_base: <app.utils.kg_build.knowledge.KnowledgeCodeBase object at 0x7fee6a422810>
2025-08-13 10:16:43,020 - Knowledge - INFO - persist ingested knowledge for /app/data/b2c/156786/b6407y0/accountill-156786/client/src/components/Invoice/SelectType.js
2025-08-13 10:16:41,957 - Knowledge - INFO - persist ingested knowledge for /app/data/b2c/156786/b6407y0/accountill-156786/client/src/components/Login/Field.js
2025-08-13 10:16:42,075 - Knowledge - INFO - Found code_base: <app.utils.kg_build.knowledge.KnowledgeCodeBase object at 0x7fee6a422810>
2025-08-13 10:16:42,158 - Knowledge - INFO - Thread kw8 - File constants.js - Remaining files in queue: 16
2025-08-13 10:16:41,599 - Knowledge - INFO - worker kw20 pull /app/data/b2c/156786/b6407y0/accountill-156786/client/src/reducers/index.js from ingest queue
2025-08-13 10:16:42,343 - Knowledge - INFO - persist search terms embedding for client/src/components/Payments/DatePicker.js
2025-08-13 10:16:42,482 - Knowledge - INFO - Found code_base: <app.utils.kg_build.knowledge.KnowledgeCodeBase object at 0x7fee6a422810>
2025-08-13 10:16:42,628 - Knowledge - INFO - Found code_base: <app.utils.kg_build.knowledge.KnowledgeCodeBase object at 0x7fee6a422810>
2025-08-13 10:16:41,280 - Knowledge - INFO - worker kw1 pull /app/data/b2c/156786/b6407y0/accountill-156786/client/src/actions/auth.js from ingest queue
2025-08-13 10:16:44,180 - Knowledge - INFO - Thread kw1 - File auth.js - Remaining files in queue: 15
2025-08-13 10:16:43,500 - Knowledge - INFO - start ingest for /app/data/b2c/156786/b6407y0/accountill-156786/client/src/actions/constants.js
2025-08-13 10:16:43,668 - Knowledge - INFO - Thread kw20 - File index.js - Remaining files in queue: 16
2025-08-13 10:16:44,529 - Knowledge - INFO - start ingest for /app/data/b2c/156786/b6407y0/accountill-156786/client/src/reducers/index.js
2025-08-13 10:16:43,931 - Knowledge - INFO - persist ingested knowledge for /app/data/b2c/156786/b6407y0/accountill-156786/client/src/components/Spinner/Spinner.module.css
2025-08-13 10:16:44,045 - Knowledge - INFO - Found code-base-name: https://github.com/kavia-common/accountill-156786.git:kavia-master
2025-08-13 10:16:44,055 - Knowledge - INFO - persist ingested knowledge for /app/data/b2c/156786/b6407y0/accountill-156786/client/src/components/Payments/Modal.js
2025-08-13 10:16:43,407 - Knowledge - INFO - persist ingested knowledge for /app/data/b2c/156786/b6407y0/accountill-156786/client/src/components/Password/styles.js
2025-08-13 10:16:44,298 - Knowledge - INFO - start ingest for /app/data/b2c/156786/b6407y0/accountill-156786/client/src/actions/auth.js
2025-08-13 10:16:43,788 - Knowledge - INFO - worker kw18 pull /app/data/b2c/156786/b6407y0/accountill-156786/client/src/reducers/auth.js from ingest queue
2025-08-13 10:16:44,663 - Knowledge - INFO - persist search terms embedding for client/src/components/Invoice/SelectType.js
2025-08-13 10:16:44,706 - Knowledge - INFO - Fast-track processing for simple file: /app/data/b2c/156786/b6407y0/accountill-156786/client/src/reducers/index.js
2025-08-13 10:16:44,895 - Knowledge - INFO - Found code_base: <app.utils.kg_build.knowledge.KnowledgeCodeBase object at 0x7fee6a422810>
2025-08-13 10:16:46,186 - Knowledge - INFO - persist ingested knowledge for /app/data/b2c/156786/b6407y0/accountill-156786/client/src/components/Password/Reset.js
2025-08-13 10:16:45,380 - Knowledge - INFO - Thread kw18 - File auth.js - Remaining files in queue: 15
2025-08-13 10:16:46,054 - Knowledge - INFO - done fast ingest for /app/data/b2c/156786/b6407y0/accountill-156786/client/src/reducers/index.js
2025-08-13 10:16:45,029 - Knowledge - INFO - done ingest for /app/data/b2c/156786/b6407y0/accountill-156786/client/src/components/Invoices/Invoices.js
2025-08-13 10:16:46,401 - Knowledge - INFO - start ingest for /app/data/b2c/156786/b6407y0/accountill-156786/client/src/reducers/auth.js
2025-08-13 10:16:46,412 - Knowledge - INFO - done ingest for /app/data/b2c/156786/b6407y0/accountill-156786/client/src/components/Password/Forgot.js
2025-08-13 10:16:46,643 - Knowledge - INFO - process ingested knowledge for /app/data/b2c/156786/b6407y0/accountill-156786/client/src/reducers/index.js
2025-08-13 10:16:46,747 - Knowledge - INFO - process ingested knowledge for /app/data/b2c/156786/b6407y0/accountill-156786/client/src/components/Invoices/Invoices.js
2025-08-13 10:16:46,774 - Knowledge - INFO - persist search terms embedding for client/src/components/Login/Field.js
2025-08-13 10:16:47,008 - Knowledge - INFO - process ingested knowledge for /app/data/b2c/156786/b6407y0/accountill-156786/client/src/components/Password/Forgot.js
2025-08-13 10:16:47,352 - Knowledge - INFO - worker kw21 pull /app/data/b2c/156786/b6407y0/accountill-156786/client/src/utils/utils.js from ingest queue
2025-08-13 10:16:47,368 - Knowledge - INFO - worker kw4 pull /app/data/b2c/156786/b6407y0/accountill-156786/client/src/initialState.js from ingest queue
2025-08-13 10:16:47,464 - Knowledge - INFO - done ingest for /app/data/b2c/156786/b6407y0/accountill-156786/client/src/components/Invoice/AddClient.js
2025-08-13 10:16:47,566 - Knowledge - INFO - Thread kw21 - File utils.js - Remaining files in queue: 13
2025-08-13 10:16:47,686 - Knowledge - INFO - Thread kw4 - File initialState.js - Remaining files in queue: 13
2025-08-13 10:16:47,857 - Knowledge - INFO - process ingested knowledge for /app/data/b2c/156786/b6407y0/accountill-156786/client/src/components/Invoice/AddClient.js
2025-08-13 10:16:47,887 - Knowledge - INFO - worker kw19 pull /app/data/b2c/156786/b6407y0/accountill-156786/client/src/actions/invoiceActions.js from ingest queue
2025-08-13 10:16:47,914 - Knowledge - INFO - start ingest for /app/data/b2c/156786/b6407y0/accountill-156786/client/src/utils/utils.js
2025-08-13 10:16:48,052 - Knowledge - INFO - start ingest for /app/data/b2c/156786/b6407y0/accountill-156786/client/src/initialState.js
2025-08-13 10:16:48,277 - Knowledge - INFO - Thread kw19 - File invoiceActions.js - Remaining files in queue: 12
2025-08-13 10:16:48,492 - Knowledge - INFO - Fast-track processing for simple file: /app/data/b2c/156786/b6407y0/accountill-156786/client/src/utils/utils.js
2025-08-13 10:16:48,739 - Knowledge - INFO - done fast ingest for /app/data/b2c/156786/b6407y0/accountill-156786/client/src/utils/utils.js
2025-08-13 10:16:48,547 - Knowledge - INFO - Fast-track processing for simple file: /app/data/b2c/156786/b6407y0/accountill-156786/client/src/initialState.js
2025-08-13 10:16:48,618 - Knowledge - INFO - start ingest for /app/data/b2c/156786/b6407y0/accountill-156786/client/src/actions/invoiceActions.js
2025-08-13 10:16:48,510 - Knowledge - INFO - persist search terms embedding for client/src/components/Password/Reset.js
2025-08-13 10:16:48,914 - Knowledge - INFO - done fast ingest for /app/data/b2c/156786/b6407y0/accountill-156786/client/src/initialState.js
2025-08-13 10:16:48,954 - Knowledge - INFO - process ingested knowledge for /app/data/b2c/156786/b6407y0/accountill-156786/client/src/utils/utils.js
2025-08-13 10:16:49,147 - Knowledge - INFO - Found code-base-name: https://github.com/kavia-common/accountill-156786.git:kavia-master
2025-08-13 10:16:49,149 - Knowledge - INFO - worker kw5 pull /app/data/b2c/156786/b6407y0/accountill-156786/client/src/reducers/invoices.js from ingest queue
2025-08-13 10:16:49,151 - Knowledge - INFO - worker kw7 pull /app/data/b2c/156786/b6407y0/accountill-156786/client/src/components/Footer/Footer.js from ingest queue
2025-08-13 10:16:49,158 - Knowledge - INFO - Found code-base-name: https://github.com/kavia-common/accountill-156786.git:kavia-master
2025-08-13 10:16:49,159 - Knowledge - INFO - Found code-base-name: https://github.com/kavia-common/accountill-156786.git:kavia-master
2025-08-13 10:16:49,161 - Knowledge - INFO - worker kw13 pull /app/data/b2c/156786/b6407y0/accountill-156786/client/src/index.js from ingest queue
2025-08-13 10:16:49,163 - Knowledge - INFO - Found code-base-name: https://github.com/kavia-common/accountill-156786.git:kavia-master
2025-08-13 10:16:49,164 - Knowledge - INFO - worker kw17 pull /app/data/b2c/156786/b6407y0/accountill-156786/client/src/reducers/clients.js from ingest queue
2025-08-13 10:16:50,412 - Knowledge - INFO - Thread kw17 - File clients.js - Remaining files in queue: 7
2025-08-13 10:16:49,325 - Knowledge - INFO - process ingested knowledge for /app/data/b2c/156786/b6407y0/accountill-156786/client/src/initialState.js
2025-08-13 10:16:49,517 - Knowledge - INFO - Found code_base: <app.utils.kg_build.knowledge.KnowledgeCodeBase object at 0x7fee6a422810>
2025-08-13 10:16:49,670 - Knowledge - INFO - Thread kw5 - File invoices.js - Remaining files in queue: 7
2025-08-13 10:16:49,792 - Knowledge - INFO - Thread kw7 - File Footer.js - Remaining files in queue: 7
2025-08-13 10:16:49,862 - Knowledge - INFO - persist search terms embedding for client/src/components/Payments/Modal.js
2025-08-13 10:16:49,922 - Knowledge - INFO - Found code_base: <app.utils.kg_build.knowledge.KnowledgeCodeBase object at 0x7fee6a422810>
2025-08-13 10:16:51,286 - Knowledge - INFO - persist ingested knowledge for /app/data/b2c/156786/b6407y0/accountill-156786/client/src/components/Password/Forgot.js
2025-08-13 10:16:50,177 - Knowledge - INFO - Thread kw13 - File index.js - Remaining files in queue: 7
2025-08-13 10:16:50,282 - Knowledge - INFO - Found code_base: <app.utils.kg_build.knowledge.KnowledgeCodeBase object at 0x7fee6a422810>
2025-08-13 10:16:49,164 - Knowledge - INFO - worker kw24 pull /app/data/b2c/156786/b6407y0/accountill-156786/client/src/components/Spinner/Spinner.js from ingest queue
2025-08-13 10:16:50,582 - Knowledge - INFO - start ingest for /app/data/b2c/156786/b6407y0/accountill-156786/client/src/reducers/clients.js
2025-08-13 10:16:50,736 - Knowledge - INFO - done ingest for /app/data/b2c/156786/b6407y0/accountill-156786/client/src/components/Invoice/InvoiceType.js
2025-08-13 10:16:50,815 - Knowledge - INFO - persist ingested knowledge for /app/data/b2c/156786/b6407y0/accountill-156786/client/src/components/Invoices/Invoices.js
2025-08-13 10:16:50,936 - Knowledge - INFO - start ingest for /app/data/b2c/156786/b6407y0/accountill-156786/client/src/reducers/invoices.js
2025-08-13 10:16:51,048 - Knowledge - INFO - start ingest for /app/data/b2c/156786/b6407y0/accountill-156786/client/src/components/Footer/Footer.js
2025-08-13 10:16:51,175 - Knowledge - INFO - Found code-base-name: https://github.com/kavia-common/accountill-156786.git:kavia-master
2025-08-13 10:16:51,177 - Knowledge - INFO - Found code-base-name: https://github.com/kavia-common/accountill-156786.git:kavia-master
2025-08-13 10:16:51,190 - Knowledge - INFO - worker kw25 pull /app/data/b2c/156786/b6407y0/accountill-156786/client/src/currencies.json from ingest queue
2025-08-13 10:16:52,559 - Knowledge - INFO - Thread kw25 - File currencies.json - Remaining files in queue: 6
2025-08-13 10:16:51,501 - Knowledge - INFO - start ingest for /app/data/b2c/156786/b6407y0/accountill-156786/client/src/index.js
2025-08-13 10:16:51,618 - Knowledge - INFO - persist ingested knowledge for /app/data/b2c/156786/b6407y0/accountill-156786/client/src/components/Invoice/AddClient.js
2025-08-13 10:16:51,674 - Knowledge - INFO - done ingest for /app/data/b2c/156786/b6407y0/accountill-156786/client/src/components/Login/Login.js
2025-08-13 10:16:51,708 - Knowledge - INFO - Thread kw24 - File Spinner.js - Remaining files in queue: 6
2025-08-13 10:16:51,988 - Knowledge - INFO - process ingested knowledge for /app/data/b2c/156786/b6407y0/accountill-156786/client/src/components/Invoice/InvoiceType.js
2025-08-13 10:16:52,326 - Knowledge - INFO - Found code_base: <app.utils.kg_build.knowledge.KnowledgeCodeBase object at 0x7fee6a422810>
2025-08-13 10:16:52,387 - Knowledge - INFO - persist search terms embedding for client/src/components/Password/Forgot.js
2025-08-13 10:16:52,452 - Knowledge - INFO - done ingest for /app/data/b2c/156786/b6407y0/accountill-156786/client/src/components/InvoiceDetails/PaymentHistory.js
2025-08-13 10:16:52,454 - Knowledge - INFO - Found code_base: <app.utils.kg_build.knowledge.KnowledgeCodeBase object at 0x7fee6a422810>
2025-08-13 10:16:50,030 - Knowledge - INFO - Found code_base: <app.utils.kg_build.knowledge.KnowledgeCodeBase object at 0x7fee6a422810>
2025-08-13 10:16:52,674 - Knowledge - INFO - start ingest for /app/data/b2c/156786/b6407y0/accountill-156786/client/src/currencies.json
2025-08-13 10:16:52,809 - Knowledge - INFO - Fast-track processing for simple file: /app/data/b2c/156786/b6407y0/accountill-156786/client/src/index.js
2025-08-13 10:16:53,054 - Knowledge - INFO - process ingested knowledge for /app/data/b2c/156786/b6407y0/accountill-156786/client/src/components/Login/Login.js
2025-08-13 10:16:53,103 - Knowledge - INFO - start ingest for /app/data/b2c/156786/b6407y0/accountill-156786/client/src/components/Spinner/Spinner.js
2025-08-13 10:16:53,325 - Knowledge - INFO - persist ingested knowledge for /app/data/b2c/156786/b6407y0/accountill-156786/client/src/utils/utils.js
2025-08-13 10:16:53,668 - Knowledge - INFO - process ingested knowledge for /app/data/b2c/156786/b6407y0/accountill-156786/client/src/components/InvoiceDetails/PaymentHistory.js
2025-08-13 10:16:53,678 - Knowledge - INFO - persist ingested knowledge for /app/data/b2c/156786/b6407y0/accountill-156786/client/src/initialState.js
2025-08-13 10:16:53,809 - Knowledge - INFO - persist ingested knowledge for /app/data/b2c/156786/b6407y0/accountill-156786/client/src/reducers/index.js
2025-08-13 10:16:53,976 - Knowledge - INFO - Fast-track processing for simple file: /app/data/b2c/156786/b6407y0/accountill-156786/client/src/currencies.json
2025-08-13 10:16:54,788 - Knowledge - INFO - done fast ingest for /app/data/b2c/156786/b6407y0/accountill-156786/client/src/currencies.json
2025-08-13 10:16:54,271 - Knowledge - INFO - persist search terms embedding for client/src/components/Invoices/Invoices.js
2025-08-13 10:16:54,273 - Knowledge - INFO - Fast-track processing for simple file: /app/data/b2c/156786/b6407y0/accountill-156786/client/src/components/Spinner/Spinner.js
2025-08-13 10:16:54,048 - Knowledge - INFO - done fast ingest for /app/data/b2c/156786/b6407y0/accountill-156786/client/src/index.js
2025-08-13 10:16:54,879 - Knowledge - INFO - process ingested knowledge for /app/data/b2c/156786/b6407y0/accountill-156786/client/src/currencies.json
2025-08-13 10:16:55,071 - Knowledge - INFO - done fast ingest for /app/data/b2c/156786/b6407y0/accountill-156786/client/src/components/Spinner/Spinner.js
2025-08-13 10:16:55,268 - Knowledge - INFO - process ingested knowledge for /app/data/b2c/156786/b6407y0/accountill-156786/client/src/index.js
2025-08-13 10:16:55,521 - Knowledge - INFO - process ingested knowledge for /app/data/b2c/156786/b6407y0/accountill-156786/client/src/components/Spinner/Spinner.js
2025-08-13 10:16:57,619 - Knowledge - INFO - done ingest for /app/data/b2c/156786/b6407y0/accountill-156786/client/src/components/Header/Header.js
2025-08-13 10:16:57,832 - Knowledge - INFO - process ingested knowledge for /app/data/b2c/156786/b6407y0/accountill-156786/client/src/components/Header/Header.js
2025-08-13 10:16:57,878 - Knowledge - INFO - persist search terms embedding for client/src/components/Invoice/AddClient.js
2025-08-13 10:16:58,044 - Knowledge - INFO - Found code-base-name: https://github.com/kavia-common/accountill-156786.git:kavia-master
2025-08-13 10:16:58,047 - Knowledge - INFO - worker kw23 pull /app/data/b2c/156786/b6407y0/accountill-156786/client/public/robots.txt from ingest queue
2025-08-13 10:16:58,164 - Knowledge - INFO - Found code_base: <app.utils.kg_build.knowledge.KnowledgeCodeBase object at 0x7fee6a422810>
2025-08-13 10:16:58,226 - Knowledge - INFO - Found code-base-name: https://github.com/kavia-common/accountill-156786.git:kavia-master
2025-08-13 10:16:58,299 - Knowledge - INFO - Thread kw23 - File robots.txt - Remaining files in queue: 5
2025-08-13 10:16:58,401 - Knowledge - INFO - persist ingested knowledge for /app/data/b2c/156786/b6407y0/accountill-156786/client/src/components/Invoice/InvoiceType.js
2025-08-13 10:16:58,512 - Knowledge - INFO - Found code_base: <app.utils.kg_build.knowledge.KnowledgeCodeBase object at 0x7fee6a422810>
2025-08-13 10:16:58,644 - Knowledge - INFO - start ingest for /app/data/b2c/156786/b6407y0/accountill-156786/client/public/robots.txt
2025-08-13 10:16:58,650 - Knowledge - INFO - worker kw9 pull /app/data/b2c/156786/b6407y0/accountill-156786/client/public/index.html from ingest queue
2025-08-13 10:16:58,656 - Knowledge - INFO - Found code-base-name: https://github.com/kavia-common/accountill-156786.git:kavia-master
2025-08-13 10:16:58,666 - Knowledge - INFO - Found code-base-name: https://github.com/kavia-common/accountill-156786.git:kavia-master
2025-08-13 10:16:58,669 - Knowledge - INFO - Found code-base-name: https://github.com/kavia-common/accountill-156786.git:kavia-master
2025-08-13 10:16:58,671 - Knowledge - INFO - Found code-base-name: https://github.com/kavia-common/accountill-156786.git:kavia-master
2025-08-13 10:16:58,672 - Knowledge - INFO - worker kw16 pull /app/data/b2c/156786/b6407y0/accountill-156786/client/src/index.css from ingest queue
2025-08-13 10:16:58,676 - Knowledge - INFO - worker kw21 pull /app/data/b2c/156786/b6407y0/accountill-156786/client/src/reducers/profiles.js from ingest queue
2025-08-13 10:16:58,690 - Knowledge - INFO - Found code-base-name: https://github.com/kavia-common/accountill-156786.git:kavia-master
2025-08-13 10:16:58,692 - Knowledge - INFO - worker kw4 pull /app/data/b2c/156786/b6407y0/accountill-156786/client/public/manifest.json from ingest queue
2025-08-13 10:16:58,695 - Knowledge - INFO - worker kw20 pull /app/data/b2c/156786/b6407y0/accountill-156786/client/package.json from ingest queue
2025-08-13 10:16:58,874 - Knowledge - INFO - persist ingested knowledge for /app/data/b2c/156786/b6407y0/accountill-156786/client/src/components/InvoiceDetails/PaymentHistory.js
2025-08-13 10:16:58,978 - Knowledge - INFO - Fast-track processing for simple file: /app/data/b2c/156786/b6407y0/accountill-156786/client/public/robots.txt
2025-08-13 10:16:59,069 - Knowledge - INFO - Thread kw9 - File index.html - Remaining files in queue: 0
2025-08-13 10:16:59,211 - Knowledge - INFO - Found code_base: <app.utils.kg_build.knowledge.KnowledgeCodeBase object at 0x7fee6a422810>
2025-08-13 10:16:59,328 - Knowledge - INFO - Found code_base: <app.utils.kg_build.knowledge.KnowledgeCodeBase object at 0x7fee6a422810>
2025-08-13 10:16:59,451 - Knowledge - INFO - Found code_base: <app.utils.kg_build.knowledge.KnowledgeCodeBase object at 0x7fee6a422810>
2025-08-13 10:16:59,453 - Knowledge - INFO - persist search terms embedding for client/src/components/Invoice/InvoiceType.js
2025-08-13 10:16:59,573 - Knowledge - INFO - Found code_base: <app.utils.kg_build.knowledge.KnowledgeCodeBase object at 0x7fee6a422810>
2025-08-13 10:16:59,680 - Knowledge - INFO - Thread kw16 - File index.css - Remaining files in queue: 0
2025-08-13 10:16:59,716 - Knowledge - INFO - done ingest for /app/data/b2c/156786/b6407y0/accountill-156786/client/src/components/Icons.js
2025-08-13 10:16:59,803 - Knowledge - INFO - Thread kw21 - File profiles.js - Remaining files in queue: 0
2025-08-13 10:16:59,891 - Knowledge - INFO - Found code_base: <app.utils.kg_build.knowledge.KnowledgeCodeBase object at 0x7fee6a422810>
2025-08-13 10:17:00,029 - Knowledge - INFO - Thread kw4 - File manifest.json - Remaining files in queue: 0
2025-08-13 10:17:00,139 - Knowledge - INFO - Thread kw20 - File package.json - Remaining files in queue: 0
2025-08-13 10:17:01,755 - Knowledge - INFO - start ingest for /app/data/b2c/156786/b6407y0/accountill-156786/client/package.json
2025-08-13 10:17:00,440 - Knowledge - INFO - start ingest for /app/data/b2c/156786/b6407y0/accountill-156786/client/public/index.html
2025-08-13 10:17:00,525 - Knowledge - INFO - done ingest for /app/data/b2c/156786/b6407y0/accountill-156786/client/src/reducers/auth.js
2025-08-13 10:17:00,546 - Knowledge - INFO - persist ingested knowledge for /app/data/b2c/156786/b6407y0/accountill-156786/client/src/index.js
2025-08-13 10:17:00,657 - Knowledge - INFO - persist ingested knowledge for /app/data/b2c/156786/b6407y0/accountill-156786/client/src/components/Spinner/Spinner.js
2025-08-13 10:17:00,775 - Knowledge - INFO - persist ingested knowledge for /app/data/b2c/156786/b6407y0/accountill-156786/client/src/components/Header/Header.js
2025-08-13 10:17:01,030 - Knowledge - INFO - persist ingested knowledge for /app/data/b2c/156786/b6407y0/accountill-156786/client/src/components/Login/Login.js
2025-08-13 10:17:01,127 - Knowledge - INFO - start ingest for /app/data/b2c/156786/b6407y0/accountill-156786/client/src/index.css
2025-08-13 10:17:01,296 - Knowledge - INFO - process ingested knowledge for /app/data/b2c/156786/b6407y0/accountill-156786/client/src/components/Icons.js
2025-08-13 10:17:01,365 - Knowledge - INFO - start ingest for /app/data/b2c/156786/b6407y0/accountill-156786/client/src/reducers/profiles.js
2025-08-13 10:17:01,476 - Knowledge - INFO - persist search terms embedding for client/src/components/InvoiceDetails/PaymentHistory.js
2025-08-13 10:17:01,509 - Knowledge - INFO - persist ingested knowledge for /app/data/b2c/156786/b6407y0/accountill-156786/client/src/currencies.json
2025-08-13 10:17:01,643 - Knowledge - INFO - start ingest for /app/data/b2c/156786/b6407y0/accountill-156786/client/public/manifest.json
2025-08-13 10:17:00,355 - Knowledge - INFO - done fast ingest for /app/data/b2c/156786/b6407y0/accountill-156786/client/public/robots.txt
2025-08-13 10:17:01,882 - Knowledge - INFO - Fast-track processing for simple file: /app/data/b2c/156786/b6407y0/accountill-156786/client/package.json
2025-08-13 10:17:02,021 - Knowledge - INFO - done ingest for /app/data/b2c/156786/b6407y0/accountill-156786/client/src/components/Invoice/Invoice.js
2025-08-13 10:17:02,142 - Knowledge - INFO - process ingested knowledge for /app/data/b2c/156786/b6407y0/accountill-156786/client/src/reducers/auth.js
2025-08-13 10:17:02,559 - Knowledge - INFO - done ingest for /app/data/b2c/156786/b6407y0/accountill-156786/client/src/actions/constants.js
2025-08-13 10:17:03,129 - Knowledge - INFO - done ingest for /app/data/b2c/156786/b6407y0/accountill-156786/client/src/actions/clientActions.js
2025-08-13 10:17:03,371 - Knowledge - INFO - Fast-track processing for simple file: /app/data/b2c/156786/b6407y0/accountill-156786/client/public/manifest.json
2025-08-13 10:17:03,442 - Knowledge - INFO - process ingested knowledge for /app/data/b2c/156786/b6407y0/accountill-156786/client/public/robots.txt
2025-08-13 10:17:03,536 - Knowledge - INFO - done fast ingest for /app/data/b2c/156786/b6407y0/accountill-156786/client/package.json
2025-08-13 10:17:03,800 - Knowledge - INFO - process ingested knowledge for /app/data/b2c/156786/b6407y0/accountill-156786/client/src/components/Invoice/Invoice.js
2025-08-13 10:17:03,951 - Knowledge - INFO - persist search terms embedding for client/src/components/Header/Header.js
2025-08-13 10:17:04,013 - Knowledge - INFO - process ingested knowledge for /app/data/b2c/156786/b6407y0/accountill-156786/client/src/actions/constants.js
2025-08-13 10:17:04,131 - Knowledge - INFO - process ingested knowledge for /app/data/b2c/156786/b6407y0/accountill-156786/client/src/actions/clientActions.js
2025-08-13 10:17:04,208 - Knowledge - INFO - done fast ingest for /app/data/b2c/156786/b6407y0/accountill-156786/client/public/manifest.json
2025-08-13 10:17:04,454 - Knowledge - INFO - process ingested knowledge for /app/data/b2c/156786/b6407y0/accountill-156786/client/package.json
2025-08-13 10:17:05,008 - Knowledge - INFO - process ingested knowledge for /app/data/b2c/156786/b6407y0/accountill-156786/client/public/manifest.json
2025-08-13 10:17:05,294 - Knowledge - INFO - persist search terms embedding for client/src/components/Login/Login.js
2025-08-13 10:17:05,401 - Knowledge - INFO - Found code-base-name: https://github.com/kavia-common/accountill-156786.git:kavia-master
2025-08-13 10:17:05,424 - Knowledge - INFO - Found code-base-name: https://github.com/kavia-common/accountill-156786.git:kavia-master
2025-08-13 10:17:05,443 - Knowledge - INFO - Found code-base-name: https://github.com/kavia-common/accountill-156786.git:kavia-master
2025-08-13 10:17:05,451 - Knowledge - INFO - Found code-base-name: https://github.com/kavia-common/accountill-156786.git:kavia-master
2025-08-13 10:17:05,452 - Knowledge - INFO - Found code-base-name: https://github.com/kavia-common/accountill-156786.git:kavia-master
2025-08-13 10:17:06,071 - Knowledge - INFO - Found code_base: <app.utils.kg_build.knowledge.KnowledgeCodeBase object at 0x7fee6a422810>
2025-08-13 10:17:05,711 - Knowledge - INFO - Found code_base: <app.utils.kg_build.knowledge.KnowledgeCodeBase object at 0x7fee6a422810>
2025-08-13 10:17:05,789 - Knowledge - INFO - Found code-base-name: https://github.com/kavia-common/accountill-156786.git:kavia-master
2025-08-13 10:17:06,428 - Knowledge - INFO - Found code_base: <app.utils.kg_build.knowledge.KnowledgeCodeBase object at 0x7fee6a422810>
2025-08-13 10:17:06,525 - Knowledge - INFO - persist ingested knowledge for /app/data/b2c/156786/b6407y0/accountill-156786/client/src/reducers/auth.js
2025-08-13 10:17:05,856 - Knowledge - INFO - Found code-base-name: https://github.com/kavia-common/accountill-156786.git:kavia-master
2025-08-13 10:17:05,965 - Knowledge - INFO - Found code_base: <app.utils.kg_build.knowledge.KnowledgeCodeBase object at 0x7fee6a422810>
2025-08-13 10:17:05,531 - Knowledge - INFO - Found code_base: <app.utils.kg_build.knowledge.KnowledgeCodeBase object at 0x7fee6a422810>
2025-08-13 10:17:06,188 - Knowledge - INFO - persist ingested knowledge for /app/data/b2c/156786/b6407y0/accountill-156786/client/public/manifest.json
2025-08-13 10:17:06,310 - Knowledge - INFO - persist ingested knowledge for /app/data/b2c/156786/b6407y0/accountill-156786/client/public/robots.txt
2025-08-13 10:17:06,374 - Knowledge - INFO - done ingest for /app/data/b2c/156786/b6407y0/accountill-156786/client/src/actions/auth.js
2025-08-13 10:17:05,791 - Knowledge - INFO - Found code-base-name: https://github.com/kavia-common/accountill-156786.git:kavia-master
2025-08-13 10:17:07,545 - Knowledge - INFO - Found code_base: <app.utils.kg_build.knowledge.KnowledgeCodeBase object at 0x7fee6a422810>
2025-08-13 10:17:06,546 - Knowledge - INFO - done ingest for /app/data/b2c/156786/b6407y0/accountill-156786/client/src/components/Footer/Footer.js
2025-08-13 10:17:06,802 - Knowledge - INFO - Found code_base: <app.utils.kg_build.knowledge.KnowledgeCodeBase object at 0x7fee6a422810>
2025-08-13 10:17:06,929 - Knowledge - INFO - persist ingested knowledge for /app/data/b2c/156786/b6407y0/accountill-156786/client/package.json
2025-08-13 10:17:07,061 - Knowledge - INFO - persist ingested knowledge for /app/data/b2c/156786/b6407y0/accountill-156786/client/src/components/Icons.js
2025-08-13 10:17:07,075 - Knowledge - INFO - done ingest for /app/data/b2c/156786/b6407y0/accountill-156786/client/public/index.html
2025-08-13 10:17:07,430 - Knowledge - INFO - done ingest for /app/data/b2c/156786/b6407y0/accountill-156786/client/src/reducers/invoices.js
2025-08-13 10:17:07,455 - Knowledge - INFO - persist search terms embedding for client/src/reducers/auth.js
2025-08-13 10:17:07,463 - Knowledge - INFO - process ingested knowledge for /app/data/b2c/156786/b6407y0/accountill-156786/client/src/actions/auth.js
2025-08-13 10:17:05,855 - Knowledge - INFO - Found code_base: <app.utils.kg_build.knowledge.KnowledgeCodeBase object at 0x7fee6a422810>
2025-08-13 10:17:07,682 - Knowledge - INFO - persist ingested knowledge for /app/data/b2c/156786/b6407y0/accountill-156786/client/src/components/Invoice/Invoice.js
2025-08-13 10:17:07,890 - Knowledge - INFO - process ingested knowledge for /app/data/b2c/156786/b6407y0/accountill-156786/client/src/components/Footer/Footer.js
2025-08-13 10:17:07,896 - Knowledge - INFO - done ingest for /app/data/b2c/156786/b6407y0/accountill-156786/client/src/reducers/clients.js
2025-08-13 10:17:07,914 - Knowledge - INFO - persist ingested knowledge for /app/data/b2c/156786/b6407y0/accountill-156786/client/src/actions/clientActions.js
2025-08-13 10:17:08,248 - Knowledge - INFO - process ingested knowledge for /app/data/b2c/156786/b6407y0/accountill-156786/client/public/index.html
2025-08-13 10:17:08,432 - Knowledge - INFO - process ingested knowledge for /app/data/b2c/156786/b6407y0/accountill-156786/client/src/reducers/invoices.js
2025-08-13 10:17:08,453 - Knowledge - INFO - done ingest for /app/data/b2c/156786/b6407y0/accountill-156786/client/src/index.css
2025-08-13 10:17:08,729 - Knowledge - INFO - persist ingested knowledge for /app/data/b2c/156786/b6407y0/accountill-156786/client/src/actions/constants.js
2025-08-13 10:17:09,216 - Knowledge - INFO - persist search terms embedding for client/src/components/Icons.js
2025-08-13 10:17:09,217 - Knowledge - INFO - process ingested knowledge for /app/data/b2c/156786/b6407y0/accountill-156786/client/src/reducers/clients.js
2025-08-13 10:17:09,556 - Knowledge - INFO - done ingest for /app/data/b2c/156786/b6407y0/accountill-156786/client/src/actions/profile.js
2025-08-13 10:17:09,591 - Knowledge - INFO - process ingested knowledge for /app/data/b2c/156786/b6407y0/accountill-156786/client/src/index.css
2025-08-13 10:17:10,253 - Knowledge - INFO - done ingest for /app/data/b2c/156786/b6407y0/accountill-156786/client/src/actions/invoiceActions.js
2025-08-13 10:17:10,368 - Knowledge - INFO - process ingested knowledge for /app/data/b2c/156786/b6407y0/accountill-156786/client/src/actions/profile.js
2025-08-13 10:17:10,784 - Knowledge - INFO - process ingested knowledge for /app/data/b2c/156786/b6407y0/accountill-156786/client/src/actions/invoiceActions.js
2025-08-13 10:17:11,003 - Knowledge - INFO - done ingest for /app/data/b2c/156786/b6407y0/accountill-156786/client/src/reducers/profiles.js
2025-08-13 10:17:11,114 - Knowledge - INFO - done ingest for /app/data/b2c/156786/b6407y0/accountill-156786/client/src/components/InvoiceDetails/InvoiceDetails.js
2025-08-13 10:17:11,129 - Knowledge - INFO - process ingested knowledge for /app/data/b2c/156786/b6407y0/accountill-156786/client/src/reducers/profiles.js
2025-08-13 10:17:11,237 - Knowledge - INFO - process ingested knowledge for /app/data/b2c/156786/b6407y0/accountill-156786/client/src/components/InvoiceDetails/InvoiceDetails.js
2025-08-13 10:17:11,511 - Knowledge - INFO - persist search terms embedding for client/src/components/Invoice/Invoice.js
2025-08-13 10:17:12,071 - Knowledge - INFO - persist search terms embedding for client/src/actions/clientActions.js
2025-08-13 10:17:12,601 - Knowledge - INFO - persist search terms embedding for client/src/actions/constants.js
2025-08-13 10:17:12,727 - Knowledge - INFO - Found code-base-name: https://github.com/kavia-common/accountill-156786.git:kavia-master
2025-08-13 10:17:12,732 - Knowledge - INFO - Found code-base-name: https://github.com/kavia-common/accountill-156786.git:kavia-master
2025-08-13 10:17:12,968 - Knowledge - INFO - Found code_base: <app.utils.kg_build.knowledge.KnowledgeCodeBase object at 0x7fee6a422810>
2025-08-13 10:17:12,737 - Knowledge - INFO - Found code-base-name: https://github.com/kavia-common/accountill-156786.git:kavia-master
2025-08-13 10:17:12,738 - Knowledge - INFO - Found code-base-name: https://github.com/kavia-common/accountill-156786.git:kavia-master
2025-08-13 10:17:13,383 - Knowledge - INFO - Found code_base: <app.utils.kg_build.knowledge.KnowledgeCodeBase object at 0x7fee6a422810>
2025-08-13 10:17:12,740 - Knowledge - INFO - Found code-base-name: https://github.com/kavia-common/accountill-156786.git:kavia-master
2025-08-13 10:17:12,743 - Knowledge - INFO - Found code-base-name: https://github.com/kavia-common/accountill-156786.git:kavia-master
2025-08-13 10:17:12,851 - Knowledge - INFO - Found code_base: <app.utils.kg_build.knowledge.KnowledgeCodeBase object at 0x7fee6a422810>
2025-08-13 10:17:12,864 - Knowledge - INFO - Found code-base-name: https://github.com/kavia-common/accountill-156786.git:kavia-master
2025-08-13 10:17:12,867 - Knowledge - INFO - Found code-base-name: https://github.com/kavia-common/accountill-156786.git:kavia-master
2025-08-13 10:17:12,733 - Knowledge - INFO - Found code-base-name: https://github.com/kavia-common/accountill-156786.git:kavia-master
2025-08-13 10:17:13,139 - Knowledge - INFO - persist ingested knowledge for /app/data/b2c/156786/b6407y0/accountill-156786/client/src/actions/auth.js
2025-08-13 10:17:13,251 - Knowledge - INFO - Found code_base: <app.utils.kg_build.knowledge.KnowledgeCodeBase object at 0x7fee6a422810>
2025-08-13 10:17:12,739 - Knowledge - INFO - Found code-base-name: https://github.com/kavia-common/accountill-156786.git:kavia-master
2025-08-13 10:17:14,380 - Knowledge - INFO - Found code_base: <app.utils.kg_build.knowledge.KnowledgeCodeBase object at 0x7fee6a422810>
2025-08-13 10:17:13,570 - Knowledge - INFO - Found code_base: <app.utils.kg_build.knowledge.KnowledgeCodeBase object at 0x7fee6a422810>
2025-08-13 10:17:13,675 - Knowledge - INFO - Found code_base: <app.utils.kg_build.knowledge.KnowledgeCodeBase object at 0x7fee6a422810>
2025-08-13 10:17:13,798 - Knowledge - INFO - persist ingested knowledge for /app/data/b2c/156786/b6407y0/accountill-156786/client/src/actions/invoiceActions.js
2025-08-13 10:17:13,894 - Knowledge - INFO - Found code_base: <app.utils.kg_build.knowledge.KnowledgeCodeBase object at 0x7fee6a422810>
2025-08-13 10:17:13,979 - Knowledge - INFO - Found code_base: <app.utils.kg_build.knowledge.KnowledgeCodeBase object at 0x7fee6a422810>
2025-08-13 10:17:14,104 - Knowledge - INFO - Found code_base: <app.utils.kg_build.knowledge.KnowledgeCodeBase object at 0x7fee6a422810>
2025-08-13 10:17:14,291 - Knowledge - INFO - persist ingested knowledge for /app/data/b2c/156786/b6407y0/accountill-156786/client/src/reducers/profiles.js
2025-08-13 10:17:13,475 - Knowledge - INFO - persist ingested knowledge for /app/data/b2c/156786/b6407y0/accountill-156786/client/src/reducers/invoices.js
2025-08-13 10:17:14,463 - Knowledge - INFO - persist ingested knowledge for /app/data/b2c/156786/b6407y0/accountill-156786/client/src/index.css
2025-08-13 10:17:14,490 - Knowledge - INFO - persist search terms embedding for client/src/actions/auth.js
2025-08-13 10:17:14,574 - Knowledge - INFO - persist ingested knowledge for /app/data/b2c/156786/b6407y0/accountill-156786/client/src/reducers/clients.js
2025-08-13 10:17:14,679 - Knowledge - INFO - persist ingested knowledge for /app/data/b2c/156786/b6407y0/accountill-156786/client/public/index.html
2025-08-13 10:17:14,886 - Knowledge - INFO - persist ingested knowledge for /app/data/b2c/156786/b6407y0/accountill-156786/client/src/components/InvoiceDetails/InvoiceDetails.js
2025-08-13 10:17:14,998 - Knowledge - INFO - persist ingested knowledge for /app/data/b2c/156786/b6407y0/accountill-156786/client/src/actions/profile.js
2025-08-13 10:17:15,102 - Knowledge - INFO - persist ingested knowledge for /app/data/b2c/156786/b6407y0/accountill-156786/client/src/components/Footer/Footer.js
2025-08-13 10:17:15,902 - Knowledge - INFO - persist search terms embedding for client/src/actions/invoiceActions.js
2025-08-13 10:17:16,545 - Knowledge - INFO - persist search terms embedding for client/src/reducers/invoices.js
2025-08-13 10:17:17,291 - Knowledge - INFO - persist search terms embedding for client/src/reducers/clients.js
2025-08-13 10:17:17,812 - Knowledge - INFO - persist search terms embedding for client/src/components/InvoiceDetails/InvoiceDetails.js
2025-08-13 10:17:19,306 - Knowledge - INFO - persist search terms embedding for client/src/actions/profile.js
2025-08-13 10:17:19,873 - Knowledge - INFO - persist search terms embedding for client/src/components/Footer/Footer.js
2025-08-13 10:17:20,365 - Knowledge - INFO - persist search terms embedding for client/src/reducers/profiles.js
2025-08-13 10:17:20,617 - Knowledge - INFO - Knowledge creation complete
2025-08-13 10:17:20,716 - Knowledge - INFO - Updating org costs, total cost: 0.029965000000000006
2025-08-13 10:17:21,334 - Knowledge - INFO - Saving knowledge to Redis...
2025-08-13 10:17:21,457 - Knowledge - INFO - Knowledge saved to Redis successfully
